,data_id,r,method,dataset
0,0,0.7450859935458265,dummy_MaCo,tentmap
1,1,0.7913811495485313,dummy_MaCo,tentmap
2,2,0.42850319882279103,dummy_MaCo,tentmap
3,3,0.8712537260321793,dummy_MaCo,tentmap
4,4,0.5887786091385085,dummy_MaCo,tentmap
