,cc_pred,cc_test,x_test,x_past_test,x_pred,Y_1_test,Y_2_test
0,0.07593404,0.8420634702607471,0.31011957055216793,0.6206614601013649,-0.7430186,0.05612832605840291,0.1335829991286955
1,0.3590227,0.5199694378091922,0.6528472542753188,0.31011957055216793,0.5557714,0.1335829991286955,0.3448320172234873
2,-0.08224726,0.975881546100695,0.14000639406522505,0.6528472542753188,-1.1929358,0.3448320172234873,0.3580123883422864
3,0.6841757,0.09202312320271924,0.45951948870335013,0.14000639406522505,-0.15732524,0.3580123883422864,0.8494322388376542
4,0.4750716,0.3266797063705127,0.8017245661155663,0.45951948870335013,1.0004673,0.8494322388376542,0.06625812712427133
5,0.057291076,0.859991700088076,0.18879523835883974,0.8017245661155663,-1.3062915,0.06625812712427133,0.1531972108876412
6,0.39543006,0.4707587933991955,0.49874890955692147,0.18879523835883974,0.02228979,0.1531972108876412,0.39550634108667726
7,-0.086703956,0.9740976397794526,0.4110593091237959,0.49874890955692147,-0.27907804,0.39550634108667726,0.33315428728999447
8,0.67900825,0.09864889590817434,0.9066005754217519,0.4110593091237959,1.3194009,0.33315428728999447,0.8194597556359717
9,0.35353667,0.3476455087617347,0.038944255075196825,0.9066005754217519,-1.2828121,0.8194597556359717,0.13327081023109702
10,0.070843905,0.8866876895480282,0.10673086917496982,0.038944255075196825,-1.3064656,0.13327081023109702,0.2675458328493842
11,0.42719385,0.3928241441639905,0.32633153983406626,0.10673086917496982,-0.5358328,0.2675458328493842,0.6034737170968737
12,0.02123493,0.9325305444426807,0.5068579114218846,0.32633153983406626,-0.012552105,0.6034737170968737,0.05563311404762718
13,0.5609748,0.24599182273275777,0.8380852026792709,0.5068579114218846,1.141544,0.05563311404762718,0.18451671161335223
14,0.159522,0.7251821831744297,0.1838675678498089,0.8380852026792709,-1.2039092,0.18451671161335223,0.3800858282206409
15,0.14180538,0.7791882768602626,0.4222206899952373,0.1838675678498089,-0.22760293,0.3800858282206409,0.45932106321579014
16,0.22836806,0.672689944452681,0.6259308250439595,0.4222206899952373,0.44647774,0.45932106321579014,0.4891005506842049
17,0.08822268,0.8608444477521723,0.2858414800851589,0.6259308250439595,-0.7437603,0.4891005506842049,0.3193894100399667
18,0.37254143,0.4683554961206143,0.6465537202510288,0.2858414800851589,0.50013524,0.3193894100399667,0.6176622972318938
19,0.0011346936,0.9735255380350082,0.15650327224550106,0.6465537202510288,-1.1454102,0.6176622972318938,0.017126637515201205
20,0.56465316,0.1007685224333554,0.501865195785782,0.15650327224550106,-0.04955312,0.017126637515201205,0.06328942467417285
21,0.50080127,0.3542801261360504,0.7754230874454269,0.501865195785782,1.0064446,0.06328942467417285,0.1972626049362333
22,0.03951502,0.8944196728665221,0.13376352359874957,0.7754230874454269,-1.3571744,0.1972626049362333,0.34412983491016014
23,0.45819786,0.36921109676883973,0.39846270722034377,0.13376352359874957,-0.28256533,0.34412983491016014,0.6856335837597297
24,0.050469518,0.9105613018894875,0.5159179649952509,0.39846270722034377,0.04010705,0.6856335837597297,0.134021705109065
25,0.49069777,0.3184087964882847,0.7904401917790534,0.5159179649952509,0.9285887,0.134021705109065,0.3880971235595515
26,0.09122372,0.8485148223206477,0.14023639211830802,0.7904401917790534,-1.2784281,0.3880971235595515,0.41461915183517006
27,0.33994395,0.5025508049866992,0.39204589706257215,0.14023639211830802,-0.34294912,0.41461915183517006,0.6247919587198411
28,0.001981616,0.9774152359106053,0.4865252201603714,0.39204589706257215,-0.07923659,0.6247919587198411,0.03859982038640553
29,0.6165899,0.08630680944765022,0.9353725642063444,0.4865252201603714,1.3343775,0.03859982038640553,0.14026680222523044
30,0.4992306,0.30831584846612076,0.10278050824236777,0.9353725642063444,-1.298985,0.14026680222523044,0.40496735355982044
31,0.104957044,0.833784991695637,0.26224207163619484,0.10278050824236777,-0.795248,0.40496735355982044,0.4152120726686001
32,0.30429932,0.5418445484125706,0.5947790169793137,0.26224207163619484,0.3188651,0.4152120726686001,0.5991343440341756
33,-0.032141596,0.9705948127327365,0.26745669015370843,0.5947790169793137,-0.78531337,0.5991343440341756,0.029661753810923924
34,0.5970845,0.11158666927204158,0.7372306928485908,0.26745669015370843,0.6926797,0.029661753810923924,0.10765050260676759
35,0.44797808,0.3875946557674134,0.4258386088289062,0.7372306928485908,-0.30157152,0.10765050260676759,0.31118198185130724
36,0.031375527,0.928040974341684,0.49659165017604373,0.4258386088289062,-0.022790723,0.31118198185130724,0.3874756862841607
37,0.5431087,0.2610975668919927,0.8323387102476627,0.49659165017604373,1.1321033,0.3874756862841607,0.7718419309546265
38,0.21480587,0.7542934222494809,0.19240961225009137,0.8323387102476627,-1.1783928,0.7718419309546265,0.22259389476607322
39,0.17646518,0.724615304800918,0.4477763823001667,0.19240961225009137,-0.14096305,0.22259389476607322,0.42548925308887753
40,0.14569572,0.7801851899850148,0.5617572843160872,0.4477763823001667,0.21402055,0.42548925308887753,0.43778452763507736
41,0.22798216,0.6705096779864383,0.5251611056266274,0.5617572843160872,0.08815134,0.43778452763507736,0.5046289582436458
42,0.086458296,0.863769992704691,0.4466728404862632,0.5251611056266274,-0.13750973,0.5046289582436458,0.2964927060755133
43,0.37806728,0.46006722098483804,0.7314585808744859,0.4466728404862632,0.7628926,0.2964927060755133,0.6038519568861361
44,-0.04054576,0.9712060626561565,0.06581788672369468,0.7314585808744859,-1.4539478,0.6038519568861361,0.01814784024488388
45,0.56562424,0.109335913841769,0.2339286665537437,0.06581788672369468,-0.9340777,0.01814784024488388,0.06674667168414924
46,0.48025608,0.3807388371133681,0.6012593624259804,0.2339286665537437,0.3820205,0.06674667168414924,0.2043640360171232
47,0.010670215,0.92183124071177,0.28968963910537415,0.6012593624259804,-0.7993298,0.2043640360171232,0.34204358278137803
48,0.5100221,0.2817312616431586,0.7148142669128307,0.28968963910537415,0.72716326,0.34204358278137803,0.7311988432288563
49,0.14251262,0.7911747236431071,0.13482010139405934,0.7148142669128307,-1.1424966,0.7311988432288563,0.13665212668985063
50,0.25491777,0.6459603600865728,0.35691239007482267,0.13482010139405934,-0.45287177,0.13665212668985063,0.32411044371677583
51,0.05748999,0.8941454222581785,0.5275250864637755,0.35691239007482267,0.06939439,0.32411044371677583,0.40437409947098046
52,0.47282633,0.3700566394765449,0.7518510542623736,0.5275250864637755,0.8399658,0.40437409947098046,0.7096167370736095
53,0.0856393,0.9114232492077794,0.07493866805303356,0.7518510542623736,-1.3285741,0.7096167370736095,0.20639221593412413
54,0.5036119,0.3156387007627012,0.24536263282780293,0.07493866805303356,-0.85119003,0.20639221593412413,0.5400025009157874
55,0.093830556,0.8445514041336296,0.4849676517776906,0.24536263282780293,-0.07072946,0.5400025009157874,0.2586618021440383
56,0.33734137,0.5132905762779497,0.6904071267492932,0.4849676517776906,0.6194497,0.2586618021440383,0.5435783871424429
57,-0.068303734,0.9767500569891634,0.045102698810618916,0.6904071267492932,-1.4565954,0.5435783871424429,0.14006110106236963
58,0.6697128,0.08878829924005653,0.16508343395886452,0.045102698810618916,-1.129379,0.14006110106236963,0.45270494028837327
59,0.5068865,0.3163191056101889,0.4817019336525523,0.16508343395886452,-0.040796004,0.45270494028837327,0.7468005508146559
60,0.32145244,0.8455304778878674,0.502646958040927,0.4817019336525523,0.5810196,0.7468005508146559,0.2489063331171348
61,0.33428347,0.5106489800664998,0.6821067000467412,0.502646958040927,0.57849854,0.2489063331171348,0.5336282453122997
62,-0.07969952,0.9769973050703357,0.0666855534879296,0.6821067000467412,-1.3983288,0.5336282453122997,0.15810725666923506
63,0.6800558,0.08786632947580561,0.23847795094156346,0.0666855534879296,-0.90744156,0.15810725666923506,0.5000760219798079
64,0.510798,0.3133512065508806,0.6276843593302209,0.23847795094156346,0.43602756,0.5000760219798079,0.7343988064181682
65,0.090580165,0.8412332532769138,0.29686350516848836,0.6276843593302209,-0.7491158,0.7343988064181682,0.20411604483185183
66,0.32587552,0.5221873857634908,0.6396792359063935,0.29686350516848836,0.4620538,0.20411604483185183,0.46975260611852065
67,-0.03355202,0.975515976873804,0.17067248846262995,0.6396792359063935,-1.1005002,0.46975260611852065,0.25791209217635713
68,0.6521939,0.09338294514829391,0.5392578254952352,0.17067248846262995,0.11253408,0.25791209217635713,0.7125981196754285
69,0.5093828,0.33101056109003485,0.7685328296035818,0.5392578254952352,0.8898091,0.7125981196754285,0.433029113061095
70,0.08206129,0.8657878987414444,0.08566568247737205,0.7685328296035818,-1.3140613,0.433029113061095,0.3746101957814571
71,0.3828004,0.45431134937318035,0.26280901730808265,0.08566568247737205,-0.7627618,0.3746101957814571,0.6516018592774105
72,0.032821774,0.9692792301145259,0.4625965769038629,0.26280901730808265,-0.112263165,0.6516018592774105,0.10043194765818424
73,0.65207577,0.116421020296287,0.9165362615479731,0.4625965769038629,1.4328755,0.10043194765818424,0.33586753604461517
74,0.41732106,0.4021862100504114,0.1344100021899607,0.9165362615479731,-1.2848388,0.33586753604461517,0.6626832470411992
75,0.031874746,0.9400338739236792,0.3092878175641159,0.1344100021899607,-0.6500992,0.6626832470411992,0.10053755045376417
76,0.5780922,0.22039406551514093,0.7617133104763408,0.3092878175641159,0.89551276,0.10053755045376417,0.3197861503089079
77,0.24746023,0.6717774658025489,0.11038767916833811,0.7617133104763408,-1.0547761,0.3197861503089079,0.5159169608947163
78,0.08662051,0.8620733610704026,0.27464661000920654,0.11038767916833811,-0.76100105,0.5159169608947163,0.2816656104035965
79,0.37231746,0.4648820499441258,0.6344835530150875,0.27464661000920654,0.46438876,0.2816656104035965,0.5879009083420615
80,-0.034809858,0.9726188805234113,0.18445913273322556,0.6344835530150875,-1.064028,0.5879009083420615,0.05313141210965802
81,0.6210566,0.10412243004281395,0.5704474162852212,0.18445913273322556,0.17638257,0.05313141210965802,0.18856131937005047
82,0.4538953,0.36470637745866935,0.7200910549886207,0.5704474162852212,0.632615,0.18856131937005047,0.49202207604266673
83,0.060726732,0.9058749543932451,0.023130617365731847,0.7200910549886207,-1.3941393,0.49202207604266673,0.28091607718248446
84,0.48429683,0.3333679552182054,0.07997383731826195,0.023130617365731847,-1.392302,0.28091607718248446,0.6450989792375013
85,0.06036195,0.8688812721616034,0.20792305792958726,0.07997383731826195,-0.98475856,0.6450989792375013,0.018585448661490565
86,0.46295053,0.4454259988650218,0.539828536558701,0.20792305792958726,0.20022276,0.018585448661490565,0.058528570243932106
87,-0.15988633,0.9657961444942095,0.3627768017168015,0.539828536558701,-0.4064648,0.058528570243932106,0.12738781177858027
88,0.63998806,0.12915491250681943,0.8560866430019959,0.3627768017168015,1.1418285,0.12738781177858027,0.41000768410893046
89,0.40006536,0.43974634145817676,0.040471387677757396,0.8560866430019959,-1.1745727,0.41000768410893046,0.6656378294145432
90,0.050667435,0.9632462685443559,0.10700726785926301,0.040471387677757396,-1.2944396,0.6656378294145432,0.13292693707202152
91,0.62745935,0.13841691711864645,0.35926290736701455,0.10700726785926301,-0.5017318,0.13292693707202152,0.42301834876777855
92,0.3758972,0.4662692062679947,0.7095066923314988,0.35926290736701455,0.737528,0.42301834876777855,0.6475876912635371
93,0.029383123,0.9729922783844069,0.0039288983834089046,0.7095066923314988,-1.4435409,0.6475876912635371,0.09339248847899784
94,0.6570425,0.10274193512088704,0.014953432334278111,0.0039288983834089046,-1.5588231,0.09339248847899784,0.31690690413955525
95,0.44424605,0.360425501191561,0.05170484938225763,0.014953432334278111,-1.4847095,0.31690690413955525,0.6695848649843953
96,0.058813214,0.9012744288261055,0.1382089202473785,0.05170484938225763,-1.1763625,0.6695848649843953,0.07900271637019618
97,0.47410667,0.34788612152467896,0.4127687381334094,0.1382089202473785,-0.24068949,0.07900271637019618,0.24216355182642163
98,0.053429723,0.8869741147585847,0.5226739242071472,0.4127687381334094,0.043459423,0.24216355182642163,0.38265866403933163
99,0.45321053,0.3919577554298813,0.7413938903904146,0.5226739242071472,0.80786854,0.38265866403933163,0.6909448675391274
100,0.068768084,0.9318015201682025,0.06119830001475533,0.7413938903904146,-1.3605273,0.6909448675391274,0.17246249956434753
101,0.5446105,0.24845543871617737,0.20855339644397453,0.06119830001475533,-0.9859769,0.17246249956434753,0.4923409953244767
102,0.1738329,0.7300517449471311,0.47072950589967566,0.20855339644397453,-0.06240996,0.4923409953244767,0.4162355841017943
103,0.15159515,0.7705211550427171,0.553330942233968,0.47072950589967566,0.17501211,0.4162355841017943,0.44967246793570276
104,0.21384759,0.6913176124319104,0.5220486834660315,0.553330942233968,0.08329154,0.44967246793570276,0.48270056542084183
105,0.10478583,0.8343338642117885,0.4686102845632762,0.5220486834660315,-0.08026021,0.48270056542084183,0.347389815867175
106,0.31739515,0.5404107912099158,0.6823114331949843,0.4686102845632762,0.5875929,0.347389815867175,0.5944218453010714
107,-0.03081268,0.9710559074129015,0.07095014402306807,0.6823114331949843,-1.399766,0.5944218453010714,0.039980923388348945
108,0.61077964,0.10988908886687646,0.2506874142608103,0.07095014402306807,-0.87243456,0.039980923388348945,0.1435904858079779
109,0.44787997,0.38242748406693056,0.6272675632635024,0.2506874142608103,0.46405008,0.1435904858079779,0.3960035734126991
110,0.0419994,0.923394866127696,0.23673318451836578,0.6272675632635024,-0.8894884,0.3960035734126991,0.3642886455455759
111,0.52492666,0.27656405270246404,0.6350223742349521,0.23673318451836578,0.43616858,0.3642886455455759,0.7499341780214299
112,0.14048758,0.7822511578828211,0.3262661254652756,0.6350223742349521,-0.653415,0.7499341780214299,0.18474367539938882
113,0.19572571,0.665966629754813,0.6097191827864399,0.3262661254652756,0.35161707,0.18474367539938882,0.3975448279241171
114,0.07889724,0.8697465658133775,0.31099272539855,0.6097191827864399,-0.6574665,0.3975448279241171,0.39675067108159234
115,0.39785117,0.4429271523113004,0.681956733685482,0.31099272539855,0.61921483,0.39675067108159234,0.6627573470328652
116,0.047097802,0.964705366275164,0.07698998669663004,0.681956733685482,-1.258352,0.6627573470328652,0.12638364840864832
117,0.6370103,0.13312320740772865,0.2680784011395487,0.07698998669663004,-0.8074321,0.12638364840864832,0.40648675592638017
118,0.38760296,0.45119216384758287,0.6305939193173439,0.2680784011395487,0.46750942,0.40648675592638017,0.6582365557048306
119,0.042435467,0.9681268194504753,0.19635052087965582,0.6305939193173439,-0.91155225,0.6582365557048306,0.11738680767912175
120,0.6511896,0.12064464595419912,0.5941779626492636,0.19635052087965582,0.2774432,0.11738680767912175,0.3839879820416722
121,0.42723572,0.414784830086365,0.6592511297871954,0.5941779626492636,0.47664216,0.3839879820416722,0.6775979625839743
122,0.05951053,0.9490494439071866,0.1456577993332628,0.6592511297871954,-1.0623515,0.6775979625839743,0.15200227421989365
123,0.5969917,0.18905499947531787,0.4581037341835239,0.1456577993332628,-0.110362016,0.15200227421989365,0.4602841239132838
124,0.26382676,0.5994182568929226,0.6540158424650537,0.4581037341835239,0.47696254,0.4602841239132838,0.5412776430783395
125,0.021386832,0.9387966205272009,0.16593392227457063,0.6540158424650537,-1.1380544,0.5412776430783395,0.17656721524849864
126,0.56538135,0.2246452913066341,0.5016213443225156,0.16593392227457063,0.0118966475,0.17656721524849864,0.5078105118641135
127,0.20930016,0.6810016242795051,0.581660726060282,0.5016213443225156,0.24028417,0.5078105118641135,0.4375771282442063
128,0.09373942,0.8493506404474509,0.37506709648417796,0.581660726060282,-0.41672426,0.4375771282442063,0.3820218653070864
129,0.3350953,0.5002702849595675,0.7022601421901161,0.37506709648417796,0.7237318,0.3820218653070864,0.6258593268631669
130,0.0027065873,0.9774403895727208,0.01248210747323816,0.7022601421901161,-1.4836022,0.6258593268631669,0.04130946729345657
131,0.6194339,0.08621290431445969,0.04733013226687899,0.01248210747323816,-1.4772055,0.04130946729345657,0.14968055192910587
132,0.49927363,0.3080120417375898,0.1605467632517072,0.04733013226687899,-1.1384227,0.14968055192910587,0.42669303417543464
133,0.106665164,0.8333292612768906,0.37314941033047,0.1605467632517072,-0.4122624,0.42669303417543464,0.40144801932341023
134,0.2991685,0.5430332111160813,0.6826154484151913,0.37314941033047,0.6615203,0.40144801932341023,0.6001882517861097
135,-0.03251186,0.9702003527581009,0.07085431396195106,0.6826154484151913,-1.4019,0.6001882517861097,0.02760528871020483
136,0.5914867,0.11303760581399723,0.2501117010390671,0.07085431396195106,-0.8769373,0.02760528871020483,0.10034679055274022
137,0.4469181,0.39199322080534016,0.623564669061165,0.2501117010390671,0.45955768,0.10034679055274022,0.29225057169297963
138,0.026907086,0.9318314777855585,0.23821712072213844,0.623564669061165,-0.9080127,0.29225057169297963,0.3838568516111648
139,0.55022895,0.2483542838229395,0.6455583062972821,0.23821712072213844,0.46616414,0.3838568516111648,0.7777505035154652
140,0.23249063,0.7298527374048107,0.34487398428323995,0.6455583062972821,-0.45599347,0.7777505035154652,0.21250444563729046
141,0.1293158,0.7708789939655082,0.5763896732977754,0.34487398428323995,0.25226906,0.21250444563729046,0.39919153950019465
142,0.21779796,0.690560158284518,0.4919140629139684,0.5763896732977754,-0.013788246,0.39919153950019465,0.5079912840958362
143,0.10419279,0.8354647822356217,0.49935244764065667,0.4919140629139684,-0.0008825287,0.5079912840958362,0.31432093418710405
144,0.32900253,0.5374491953771903,0.6682921195526124,0.49935244764065667,0.5732524,0.31432093418710405,0.5800483999737416
145,-0.034257263,0.971957458858307,0.10572195146519521,0.6682921195526124,-1.3013544,0.5800483999737416,0.07088087197604731
146,0.628836,0.10656510611486306,0.35946680778565226,0.10572195146519521,-0.51470107,0.07088087197604731,0.2463495069632719
147,0.46062857,0.37224453549255615,0.7496012910139142,0.35946680778565226,0.87059456,0.2463495069632719,0.5840859929693473
148,0.043901265,0.9136276447036837,0.07001945346327897,0.7496012910139142,-1.3810164,0.5840859929693473,0.11555712084399694
149,0.49768767,0.30852786491289025,0.23120335305626674,0.07001945346327897,-0.9033429,0.11555712084399694,0.34478373667230544
150,0.10444307,0.8341026029672194,0.47274724131345264,0.23120335305626674,-0.10035189,0.34478373667230544,0.43468699156701646
151,0.30731407,0.5410151758142069,0.6802854538539461,0.47274724131345264,0.55739766,0.43468699156701646,0.594611826126067
152,-0.030324817,0.9708634978216548,0.07632877731364104,0.6802854538539461,-1.3855442,0.594611826126067,0.03973023554073923
153,0.61034644,0.11059767208160941,0.2680089133279098,0.07632877731364104,-0.8174998,0.03973023554073923,0.142685046100661
154,0.44637617,0.38458704148240935,0.6516197719873695,0.2680089133279098,0.55914336,0.142685046100661,0.3935297710043133
155,0.040440857,0.9253620456720427,0.1818378568516674,0.6516197719873695,-1.0650312,0.3935297710043133,0.3646156516765692
156,0.52905005,0.2700360891219043,0.5285327439304006,0.1818378568516674,0.08521704,0.3646156516765692,0.7538725840254171
157,0.1506153,0.7706791291878973,0.5007150869502839,0.5285327439304006,0.013764031,0.7538725840254171,0.18367332754574936
158,0.18089631,0.6909833447195756,0.5764869352580472,0.5007150869502839,0.16616473,0.18367332754574936,0.38880651022207174
159,0.1005927,0.8348334961746245,0.393391240753817,0.5764869352580472,-0.36019066,0.38880651022207174,0.42263765049956764
160,0.30818218,0.5391036113071319,0.6900749258798929,0.393391240753817,0.67704135,0.42263765049956764,0.5993618350506835
161,-0.034835458,0.971462286697312,0.05030130617518667,0.6900749258798929,-1.4542634,0.5993618350506835,0.02832308481396656
162,0.59542835,0.10839157206835878,0.18191368263595564,0.05030130617518667,-1.0894098,0.02832308481396656,0.10308267671478667
163,0.46059215,0.3778505678962463,0.505498394656986,0.18191368263595564,0.030463018,0.10308267671478667,0.30139914910744753
164,0.03748083,0.91910512430106,0.4360523497877509,0.505498394656986,-0.20413461,0.30139914910744753,0.3910778779066591
165,0.52459204,0.2906943551988266,0.8196917686365954,0.4360523497877509,1.1370714,0.3910778779066591,0.7553427689861749
166,0.18499187,0.8061584559853272,0.19889969295274948,0.8196917686365954,-1.1622442,0.7553427689861749,0.23041211110060128
167,0.27567777,0.6109668872938235,0.48452943356262823,0.19889969295274948,-0.0115773305,0.23041211110060128,0.4744366726911463
168,0.046277225,0.929297225419948,0.4521840507430045,0.48452943356262823,-0.1249949,0.4744366726911463,0.28615895550308357
169,0.5368401,0.2568866272027094,0.8393372185157035,0.4521840507430045,1.1646736,0.28615895550308357,0.685578594070699
170,0.12814257,0.7463576225071885,0.20931012136956934,0.8393372185157035,-1.2145749,0.685578594070699,0.04267859388756742
171,0.17167063,0.7401490517443318,0.46931293850051,0.20931012136956934,-0.06342348,0.04267859388756742,0.11064475236379484
172,0.17928848,0.7519585334339552,0.5645923300609216,0.46931293850051,0.2478618,0.11064475236379484,0.25531574014115105
173,0.19830593,0.7292368086373013,0.4822783966179138,0.5645923300609216,0.0018964186,0.25531574014115105,0.453432926201803
174,0.15076357,0.7719845437170862,0.5441096710230248,0.4822783966179138,0.1414218,0.453432926201803,0.42269134190564145
175,0.2125113,0.6882136647441705,0.5351302670565817,0.5441096710230248,0.11404554,0.42269134190564145,0.5005079024616821
176,0.1020951,0.8389397415127239,0.4498345753005235,0.5351302670565817,-0.13453153,0.5005079024616821,0.32164744954447994
177,0.33327755,0.5282865560123975,0.6947276384465977,0.4498345753005235,0.65273994,0.32164744954447994,0.5889515326521494
178,-0.039146036,0.974312359694833,0.03555291120154907,0.6947276384465977,-1.4869242,0.5889515326521494,0.04923634635401914
179,0.62161934,0.09785270199938612,0.13108715044258093,0.03555291120154907,-1.2374554,0.04923634635401914,0.17597386859143974
180,0.4729637,0.34514427508580453,0.3956054455526982,0.13108715044258093,-0.2875733,0.17597386859143974,0.4732597808320045
181,0.073917925,0.8836834101453411,0.5292534156856661,0.3956054455526982,0.09950522,0.4732597808320045,0.3214862362858226
182,0.41684616,0.4018729381627947,0.7307886420915726,0.5292534156856661,0.6906687,0.3214862362858226,0.6525924152889423
183,0.02659738,0.9397938818962033,0.03667264074637587,0.7307886420915726,-1.422899,0.6525924152889423,0.07294340725618717
184,0.55646384,0.22121961834859083,0.12970207444625825,0.03667264074637587,-1.2381651,0.07294340725618717,0.2398126071842023
185,0.23644665,0.6735797780682664,0.3417432422113712,0.12970207444625825,-0.50278085,0.2398126071842023,0.4614073019839063
186,0.08730388,0.8596397621322751,0.5394942284567531,0.3417432422113712,0.1481786,0.4614073019839063,0.3522733345693132
187,0.36048222,0.4717490018961199,0.6785512631972489,0.5394942284567531,0.50885296,0.3522733345693132,0.633965108577511
188,0.009872407,0.974320219714339,0.07799952566655081,0.6785512631972489,-1.3442502,0.633965108577511,0.05888928823042456
189,0.6255393,0.09782354975079245,0.2745400941354829,0.07799952566655081,-0.79853386,0.05888928823042456,0.20824813866873867
190,0.47950292,0.3450525995726522,0.6732681922596313,0.2745400941354829,0.63156587,0.20824813866873867,0.5337370891550747
191,0.069266975,0.8835723675654383,0.1636904161031332,0.6732681922596313,-1.1319689,0.5337370891550747,0.23611007604378087
192,0.4328183,0.40220604236388086,0.4619059156060617,0.1636904161031332,-0.109558545,0.23611007604378087,0.5581931892425127
193,0.035283953,0.9400490412779051,0.46640056613231584,0.4619059156060617,-0.09063511,0.5581931892425127,0.143970393288474
194,0.56817687,0.2203418759330834,0.8597431533765342,0.46640056613231584,1.2414281,0.143970393288474,0.4334321395645992
195,0.22608168,0.6716633485970512,0.20761090414304365,0.8597431533765342,-1.2274692,0.4334321395645992,0.5062238277793297
196,0.087349474,0.8622265944684849,0.4369135312148199,0.20761090414304365,-0.20632443,0.5062238277793297,0.29548972295793496
197,0.37523994,0.4644481173324754,0.7300258505355186,0.4369135312148199,0.77065456,0.29548972295793496,0.6009410923209556
198,-0.039895415,0.9724989839551588,0.06268133466367834,0.7300258505355186,-1.4555618,0.6009410923209556,0.02369995734182112
199,0.58460504,0.10456547023213537,0.22390971923173214,0.06268133466367834,-0.9630262,0.02369995734182112,0.08682844281447771
200,0.46717304,0.3660770740398594,0.5882369492304773,0.22390971923173214,0.3068035,0.08682844281447771,0.26101041569485534
201,0.034176648,0.907317712358751,0.32371907150330037,0.5882369492304773,-0.6385795,0.26101041569485534,0.38482666731472387
202,0.49869975,0.328780864455163,0.7373293268385155,0.32371907150330037,0.81706446,0.38482666731472387,0.7297153981755722
203,0.08489823,0.8628221016653503,0.01111770600172707,0.7373293268385155,-1.3458183,0.7297153981755722,0.21412095905957312
204,0.3777386,0.46275999237955856,0.03726428566974273,0.01111770600172707,-1.5370831,0.21412095905957312,0.5043341274301201
205,-0.10358006,0.9720185452520272,0.09861216623436804,0.03726428566974273,-1.337295,0.5043341274301201,0.21128785731589564
206,0.6590726,0.10633965320719448,0.3380835268399745,0.09861216623436804,-0.5836379,0.21128785731589564,0.6181064453567853
207,0.48432106,0.3715507367214567,0.7337934363336786,0.3380835268399745,0.8400114,0.6181064453567853,0.5652954945598447
208,0.051203012,0.9129326666908176,0.022201552581411065,0.7337934363336786,-1.3900921,0.5652954945598447,0.15410049487519525
209,0.49604565,0.31077379385749687,0.07743631700150931,0.022201552581411065,-1.3997178,0.15410049487519525,0.43595516283131136
210,0.10292503,0.8374455338380966,0.20498010320740123,0.07743631700150931,-0.96439594,0.43595516283131136,0.3915172783267259
211,0.30423838,0.532237997055044,0.5135168082500238,0.20498010320740123,0.053151883,0.3915172783267259,0.6072126511021176
212,-0.05623117,0.9733773039630867,0.3937660121186829,0.5135168082500238,-0.31938228,0.6072126511021176,0.008180790419614859
213,0.50099576,0.10131730948743806,0.8940670638618282,0.3937660121186829,1.0055298,0.008180790419614859,0.030511006542733973
214,0.47436982,0.35599215244222204,0.003048395576128462,0.8940670638618282,-1.2270919,0.030511006542733973,0.09893676777251185
215,0.016135857,0.896358999150556,0.008751043476009994,0.003048395576128462,-1.6891997,0.09893676777251185,0.21043620940429253
216,0.46489966,0.3632151712393925,0.03044383734318357,0.008751043476009994,-1.5451448,0.21043620940429253,0.5315460289907497
217,0.067272455,0.9042886656137211,0.08382111881278556,0.03044383734318357,-1.3953245,0.5315460289907497,0.22243815594024163
218,0.4925989,0.33839260028088136,0.2692535151158353,0.08382111881278556,-0.7611262,0.22243815594024163,0.5600542912434456
219,0.07198548,0.8753295918005353,0.4970214572571251,0.2692535151158353,-0.027159654,0.5600542912434456,0.19720632615224742
220,0.40407944,0.4266634013817731,0.7348752795557996,0.4970214572571251,0.7775009,0.19720632615224742,0.4887349294288896
221,0.017447352,0.9564129677676124,0.06316616972322392,0.7348752795557996,-1.4292367,0.4887349294288896,0.2466032669142591
222,0.61701405,0.1629870708169278,0.2211556257815237,0.06316616972322392,-0.9518654,0.2466032669142591,0.6653681210790183
223,0.30263156,0.5333787636518629,0.5396358856795009,0.2211556257815237,0.1562474,0.6653681210790183,0.3163732880461217
224,-0.024275541,0.9730846448973108,0.3584047077868222,0.5396358856795009,-0.40553656,0.3163732880461217,0.3651525730505723
225,0.67061996,0.10240027727647628,0.8632908837475152,0.3584047077868222,1.1767006,0.3651525730505723,0.8502090205508718
226,0.5165802,0.3593637292873136,0.09837526336805823,0.8632908837475152,-1.1574845,0.8502090205508718,0.020151359275497948
227,0.018152446,0.9001111965309802,0.24499264647430805,0.09837526336805823,-0.9000446,0.020151359275497948,0.048967296552729626
228,0.5255432,0.3515307930883458,0.6274734071816033,0.24499264647430805,0.48997048,0.048967296552729626,0.1555835863212698
229,0.084334284,0.8912573638901492,0.260155495715385,0.6274734071816033,-0.7660584,0.1555835863212698,0.2976143568741186
230,0.42860368,0.37892511155056974,0.6423239399768735,0.260155495715385,0.50653607,0.2976143568741186,0.6426986704096603
231,0.047127306,0.9201269609190778,0.20676511330883718,0.6423239399768735,-0.9800541,0.6426986704096603,0.02708576659384471
232,0.51128143,0.2873415066207233,0.5764312930155198,0.20676511330883718,0.23175219,0.02708576659384471,0.09110965245910838
233,0.13160202,0.8006269946365796,0.41680402843107833,0.5764312930155198,-0.26833206,0.09110965245910838,0.21026215998213116
234,0.23742616,0.6240896549646546,0.6507649073505862,0.41680402843107833,0.47581378,0.21026215998213116,0.44522975682566385
235,0.050930083,0.9172372011324536,0.19004735975536385,0.6507649073505862,-1.0280904,0.44522975682566385,0.32794522207887467
236,0.49216735,0.29680227722214975,0.5402254225530282,0.19004735975536385,0.10843543,0.32794522207887467,0.7114360260098188
237,0.12737659,0.8160092532586489,0.4579177332486133,0.5402254225530282,-0.08887618,0.7114360260098188,0.10554341560031386
238,0.28648186,0.5870045460871954,0.6608103477765636,0.4579177332486133,0.5305906,0.10554341560031386,0.272957569572217
239,0.010757685,0.9478445885360641,0.1428814123875384,0.6608103477765636,-1.2171026,0.272957569572217,0.37230819917845914
240,0.58035624,0.19327999692919826,0.45022189493044906,0.1428814123875384,-0.14080998,0.37230819917845914,0.8033640280070341
241,0.2996534,0.6096213029231344,0.6513215742819066,0.45022189493044906,0.57298154,0.8033640280070341,0.14870210796353447
242,0.03524956,0.9304577212673479,0.17859447804869913,0.6513215742819066,-1.0782506,0.14870210796353447,0.27932127002253837
243,0.5455251,0.2529856925685514,0.5249915828118079,0.17859447804869913,0.077580966,0.27932127002253837,0.6783935541538042
244,0.08744007,0.7388823280848673,0.5244371276711521,0.5249915828118079,-0.13437563,0.6783935541538042,0.0692939508721061
245,0.16945577,0.7543309789361025,0.5154460365002087,0.5244371276711521,0.07702998,0.0692939508721061,0.17087364116240011
246,0.16664022,0.7245406195471445,0.5430467793520124,0.5154460365002087,0.100575574,0.17087364116240011,0.3612941501177438
247,0.14777267,0.7803163442423334,0.4771962675122335,0.5430467793520124,-0.047266863,0.3612941501177438,0.46259069537378034
248,0.23017961,0.6702222628756469,0.6053813910868018,0.4771962675122335,0.3531153,0.46259069537378034,0.48844248972081517
249,0.08617127,0.8641528816639853,0.3231403931115236,0.6053813910868018,-0.6055602,0.48844248972081517,0.317685637129025
250,0.3789782,0.45897751682297305,0.6869813997391345,0.3231403931115236,0.6281288,0.317685637129025,0.6211615731558777
251,0.0028201342,0.9708611540012586,0.05894403861780921,0.6869813997391345,-1.4242294,0.6211615731558777,0.02315001476218124
252,0.5806462,0.11060630184061068,0.2110067993413368,0.05894403861780921,-1.0025456,0.02315001476218124,0.08464424834614587
253,0.44998208,0.38461331830164697,0.5604481137417706,0.2110067993413368,0.20965901,0.08464424834614587,0.25270893575389547
254,0.019296646,0.9253857571333648,0.35785755850464673,0.5604481137417706,-0.4874011,0.25270893575389547,0.37365152522232437
255,0.5328462,0.26995721953695806,0.7918158545504816,0.35785755850464673,0.9783712,0.37365152522232437,0.7593643679983496
256,0.15723735,0.7705372808982796,0.07173798929685744,0.7918158545504816,-1.1979431,0.7593643679983496,0.20119216807123375
257,0.17307174,0.6912834996343148,0.20391130035422553,0.07173798929685744,-0.94692296,0.20119216807123375,0.4119777486776919
258,0.10541856,0.8343848928483518,0.4388180406882564,0.20391130035422553,-0.18916258,0.4119777486776919,0.4106891815587272
259,0.30460066,0.5402773752243771,0.6905510445472138,0.4388180406882564,0.60148305,0.4106891815587272,0.6008997701446486
260,-0.03597918,0.9710979963651263,0.049337177393462425,0.6905510445472138,-1.4576056,0.6008997701446486,0.025115888706177248
261,0.58649504,0.10973405007858367,0.17853614088457212,0.049337177393462425,-1.1011014,0.025115888706177248,0.09167292498808802
262,0.45578742,0.38195444702711695,0.49762393973184793,0.17853614088457212,0.0047874823,0.09167292498808802,0.27154942524336406
263,0.027879119,0.922959099327413,0.44244193687901173,0.49762393973184793,-0.20656136,0.27154942524336406,0.38248413877530535
264,0.5307048,0.278006023854822,0.8271965574954403,0.44244193687901173,1.1521878,0.38248413877530535,0.759241938256664
265,0.16460365,0.7847623871272292,0.20426281059909032,0.8271965574954403,-1.1818842,0.759241938256664,0.21773255396480304
266,0.22107291,0.6603995147502403,0.4813305624471882,0.20426281059909032,-0.023779713,0.21773255396480304,0.4422732335667753
267,0.07344273,0.8768502834930259,0.48513166497790233,0.4813305624471882,-0.048595928,0.4422732335667753,0.3589056473287021
268,0.4116515,0.42219128309402426,0.7426058259291362,0.48513166497790233,0.8236111,0.3589056473287021,0.6644617337279421
269,0.04145214,0.9537702038245958,0.08414513702439698,0.7426058259291362,-1.391825,0.6644617337279421,0.11975399949536679
270,0.6067881,0.1723916111532005,0.2867099481268238,0.08414513702439698,-0.73802966,0.11975399949536679,0.38090186416677174
271,0.28782737,0.5578165711786869,0.6171953816012185,0.2867099481268238,0.37048653,0.38090186416677174,0.5913223963687531
272,-0.013295233,0.964371292849533,0.22752744119879922,0.6171953816012185,-0.94267,0.5913223963687531,0.05315674433014138
273,0.6086651,0.13433671885959397,0.6568672004846788,0.22752744119879922,0.44433263,0.05315674433014138,0.18612723386875266
274,0.3879977,0.45466773085599155,0.5354479254810125,0.6568672004846788,-0.040978752,0.18612723386875266,0.4611882070806272
275,-0.017007291,0.9694060556630606,0.3667952078267787,0.5354479254810125,-0.38536158,0.4611882070806272,0.27311427922088644
276,0.6333181,0.11595556587637024,0.8654845880976502,0.3667952078267787,1.1402668,0.27311427922088644,0.7286551854158713
277,0.45074698,0.40078927642671003,0.048727799102175125,0.8654845880976502,-1.1790386,0.7286551854158713,0.3171802873889934
278,0.022563547,0.9389577892801348,0.12865106105372487,0.048727799102175125,-1.2240756,0.3171802873889934,0.38205547489890396
279,0.5654359,0.22409219053462462,0.40791143230208166,0.12865106105372487,-0.28814694,0.38205547489890396,0.7913354459074525
280,0.27644384,0.679809523070619,0.6242975305888038,0.40791143230208166,0.5808413,0.7913354459074525,0.19626008674199455
281,0.06918037,0.8510323208928031,0.2963623185608251,0.6242975305888038,-0.788464,0.19626008674199455,0.35650602563750766
282,0.3428224,0.49566528696376255,0.6484828149112356,0.2963623185608251,0.486954,0.35650602563750766,0.622295269861149
283,0.00028014183,0.9773672117830696,0.1490906051119498,0.6484828149112356,-1.1614726,0.622295269861149,0.03230743254203639
284,0.61645985,0.08648608220954986,0.48497125359913973,0.1490906051119498,-0.072851144,0.03230743254203639,0.11818900069818368
285,0.49346435,0.3088956494743016,0.8076622408056552,0.48497125359913973,1.0392692,0.11818900069818368,0.35134869272210906
286,0.10247335,0.8346527289624838,0.1848941814010688,0.8076622408056552,-1.2455764,0.35134869272210906,0.43361755910405897
287,0.30866784,0.5395767753185812,0.47623593957346555,0.1848941814010688,-0.07529994,0.43361755910405897,0.595945122084528
288,-0.031641126,0.9713167312076894,0.4363463836966929,0.47623593957346555,-0.21763599,0.595945122084528,0.03628058417077129
289,0.60956514,0.10892809575126831,0.9135589076870548,0.4363463836966929,1.2806611,0.03628058417077129,0.13088182278572313
290,0.44648138,0.3794923809973661,0.0987240617074022,0.9135589076870548,-1.2714819,0.13088182278572313,0.3680783804835689
291,0.038148195,0.9206627640866796,0.24332546290301013,0.0987240617074022,-0.88030213,0.3680783804835689,0.3804749845874837
292,0.52528864,0.28558016713353135,0.6437857242807258,0.24332546290301013,0.47900537,0.3804749845874837,0.7537314536587942
293,0.14242941,0.7976859541523995,0.2967688678314425,0.6437857242807258,-0.7092034,0.7537314536587942,0.21514443714601178
294,0.24006668,0.6309695181820771,0.6013979486800994,0.2967688678314425,0.3276488,0.21514443714601178,0.4491286173231656
295,0.055558383,0.9103764581442542,0.2975767138695178,0.6013979486800994,-0.66789633,0.4491286173231656,0.3287840337747349
296,0.4805631,0.31900208425102267,0.7119018279464089,0.2975767138695178,0.7060612,0.3287840337747349,0.7007281270158306
297,0.09829804,0.8493558892504898,0.0934508345956215,0.7119018279464089,-1.2695204,0.7007281270158306,0.11118219097680668
298,0.35122183,0.5002559464015729,0.27874507936959725,0.0934508345956215,-0.6879727,0.11118219097680668,0.3002080507706597
299,-0.006039083,0.9774404190734399,0.4704408832543106,0.27874507936959725,-0.112911366,0.3002080507706597,0.36347045461557953
300,0.6892936,0.08621279417773267,0.9343377266803536,0.4704408832543106,1.5123861,0.36347045461557953,0.8579163577655343
301,0.49727845,0.30801168537708823,0.09851815053079464,0.9343377266803536,-1.297535,0.8579163577655343,0.0634995275496413
302,0.0853741,0.8333287262885104,0.2530756965114471,0.09851815053079464,-0.840476,0.0634995275496413,0.15016087389423344
303,0.34354907,0.5430346055496701,0.582779933199194,0.2530756965114471,0.35122398,0.15016087389423344,0.3724351183600143
304,-0.05196038,0.9701998835245895,0.28990624343133187,0.582779933199194,-0.7010834,0.3724351183600143,0.34968427709406485
305,0.66281056,0.11303933106444729,0.7729512345301527,0.28990624343133187,0.8906023,0.34968427709406485,0.829565237476643
306,0.44749457,0.3919984411639473,0.3335767450421303,0.7729512345301527,-0.60174626,0.829565237476643,0.04434710526435951
307,-0.15680891,0.931835886594228,0.5088556051494566,0.3335767450421303,-0.06779792,0.04434710526435951,0.10134922651313893
308,0.5577906,0.24833939644683445,0.8359670480678099,0.5088556051494566,1.1260145,0.10134922651313893,0.31760380952118256
309,0.19319995,0.729823441902904,0.18101052355208166,0.8359670480678099,-1.190991,0.31760380952118256,0.4862024296355306
310,0.14471442,0.7709316445674862,0.4194670395288898,0.18101052355208166,-0.24393436,0.4862024296355306,0.3915773191525483
311,0.22082141,0.6904486258278286,0.61759135824232,0.4194670395288898,0.43277416,0.3915773191525483,0.5100596434125876
312,0.10400593,0.8356309269983632,0.3207611655566591,0.61759135824232,-0.6386639,0.5100596434125876,0.31133170940394417
313,0.32962602,0.5370132605996392,0.6553231962840464,0.3207611655566591,0.54347616,0.31133170940394417,0.5783935437629069
314,-0.034996748,0.972084372782443,0.13708315483246158,0.6553231962840464,-1.2103164,0.5783935437629069,0.07431612331920881
315,0.6341058,0.10609666941736716,0.4492229852254949,0.13708315483246158,-0.19342205,0.07431612331920881,0.25734256792490984
316,0.45791802,0.3708025441726693,0.7785519883050338,0.4492229852254949,0.9593707,0.25734256792490984,0.5996409222518957
317,0.037727863,0.9121789842550071,0.1602641385571133,0.7785519883050338,-1.3557868,0.5996409222518957,0.08342837162337043
318,0.5079024,0.313205166429023,0.4712753469955886,0.1602641385571133,-0.07107898,0.08342837162337043,0.258819203932677
319,0.096196115,0.8410200236052436,0.5136567571014662,0.4712753469955886,0.035524882,0.258819203932677,0.4107287438962965
320,0.3204151,0.5227561649130994,0.6673919742425817,0.5136567571014662,0.5023069,0.4107287438962965,0.6121795967591998
321,-0.04518825,0.9754160317876442,0.10521790584629187,0.6673919742425817,-1.2950357,0.6121795967591998,0.005630615945672148
322,0.42295945,0.09375453283295614,0.359556560406532,0.10521790584629187,-0.5523295,0.005630615945672148,0.02112297258467036
323,0.49641812,0.33219150375067474,0.7666967043715802,0.359556560406532,0.926812,0.02112297258467036,0.07006044803892418
324,0.04607126,0.8673429640423923,0.08132054179627865,0.7666967043715802,-1.3591647,0.07006044803892418,0.1601365696598468
325,0.40656853,0.44985396041987596,0.2513008478805206,0.08132054179627865,-0.8033418,0.1601365696598468,0.41431467850493425
326,-0.05457735,0.9676090870483873,0.45423968428474226,0.2513008478805206,-0.20381412,0.41431467850493425,0.3226621381488708
327,0.65410876,0.12253877271452536,0.9116595406031955,0.45423968428474226,1.4105561,0.3226621381488708,0.7948365155271405
328,0.30521196,0.42038950048527973,0.13579509766722336,0.9116595406031955,-1.3051846,0.7948365155271405,0.1153232875477429
329,-0.016738415,0.95266125747387,0.3097050050895484,0.13579509766722336,-0.6687502,0.1153232875477429,0.22769870371641387
330,0.614356,0.17632164152111257,0.778377388311965,0.3097050050895484,0.95350677,0.22769870371641387,0.6264757772780604
331,0.30561632,0.5678239086714132,0.15737311741316362,0.778377388311965,-0.9725649,0.6264757772780604,0.3595645024853691
332,-0.01440081,0.9594554438753503,0.3442629738791327,0.15737311741316362,-0.5262465,0.3595645024853691,0.361802022113415
333,0.61639977,0.15209248671043135,0.8281879274685587,0.3442629738791327,1.0659679,0.361802022113415,0.8189657036818081
334,0.40382308,0.5042044139963189,0.06711003802132635,0.8281879274685587,-1.1205871,0.8189657036818081,0.06629485679678782
335,-0.13879356,0.9773715619416524,0.1692700735722583,0.06711003802132635,-1.1223552,0.06629485679678782,0.1410691917458621
336,0.6712524,0.08646984392868938,0.5371469929422814,0.1692700735722583,0.11886362,0.1410691917458621,0.45591864961496525
337,0.511582,0.30884314224501097,0.7840803811266813,0.5371469929422814,0.9032435,0.45591864961496525,0.751702835779761
338,0.3480943,0.8345742542507032,0.10651585587494504,0.7840803811266813,-0.92289174,0.751702835779761,0.2520721341038094
339,0.3205183,0.5397821058692223,0.30724790836632804,0.10651585587494504,-0.5825848,0.2520721341038094,0.52577027360777
340,-0.07626611,0.9712530223955925,0.48626329012331354,0.30724790836632804,-0.06431534,0.52577027360777,0.17671305479328148
341,0.6663815,0.10916287699879366,0.9222242458146367,0.48626329012331354,1.455348,0.17671305479328148,0.5401319892870317
342,0.46947044,0.3802101257601093,0.131953812497038,0.9222242458146367,-1.2818701,0.5401319892870317,0.6517682131185236
343,0.044311404,0.9213370897241917,0.30783226249788176,0.131953812497038,-0.6554739,0.6517682131185236,0.05188021081977618
344,0.54873407,0.2833602739028889,0.7369669104006579,0.30783226249788176,0.8450282,0.05188021081977618,0.1697926213688903
345,0.12789285,0.793944677995426,0.07221041584492165,0.7369669104006579,-1.294816,0.1697926213688903,0.34124768004555145
346,0.25643724,0.6396235964204399,0.20953234619715821,0.07221041584492165,-0.92625207,0.34124768004555145,0.5390355074771964
347,0.063941,0.9012208339563674,0.4297046469570583,0.20953234619715821,-0.23806867,0.5390355074771964,0.2123379849187023
348,0.4792684,0.3480542789682082,0.7893583330909817,0.4297046469570583,1.0262967,0.2123379849187023,0.539815045970573
349,0.072485656,0.8871740204755935,0.17277487711093395,0.7893583330909817,-1.3020527,0.539815045970573,0.22288658839454614
350,0.4435209,0.391352693698754,0.483570004408089,0.17277487711093395,-0.042292558,0.22288658839454614,0.5422800661050787
351,0.04080543,0.9312889090114935,0.4519787627581412,0.483570004408089,-0.13600656,0.5422800661050787,0.1811476918442821
352,0.5405892,0.25018523418043015,0.8429049292466543,0.4519787627581412,1.1745524,0.1811476918442821,0.5104756179307591
353,0.17003612,0.7334424830914417,0.2091800352614523,0.8429049292466543,-1.2102872,0.5104756179307591,0.39255889983567327
354,0.14934152,0.7643766206247787,0.46313365191104583,0.2091800352614523,-0.1002055,0.39255889983567327,0.4643160398548212
355,0.2028818,0.7041678208704361,0.5946248111210699,0.46313365191104583,0.3234965,0.4643160398548212,0.462406015208983
356,0.115150616,0.8144641754964346,0.37756938934937456,0.5946248111210699,-0.44457194,0.462406015208983,0.38398456966183026
357,0.27136183,0.5908131650818458,0.6627807244468964,0.37756938934937456,0.59795946,0.38398456966183026,0.5715976216086537
358,0.030975878,0.9451967411872995,0.14023406896891588,0.6627807244468964,-1.1712966,0.5715976216086537,0.11277429347011379
359,0.5862247,0.20252516693109673,0.44181028204175427,0.14023406896891588,-0.1671476,0.11277429347011379,0.3564582141512431
360,0.25563934,0.6314607837370836,0.6423926195796849,0.44181028204175427,0.4817566,0.3564582141512431,0.5463682302443028
361,0.05808419,0.909872399932995,0.21440563196295592,0.6423926195796849,-0.9482168,0.5463682302443028,0.1921064462076703
362,0.48611036,0.3206185880421719,0.5828327604873429,0.21440563196295592,0.2607489,0.1921064462076703,0.5118846097400456
363,0.0936982,0.8516335392992581,0.37155543894679244,0.5828327604873429,-0.42507318,0.5118846097400456,0.2959370978010002
364,0.3570291,0.4940135856256023,0.7035797653469107,0.37155543894679244,0.74690765,0.2959370978010002,0.587610683353845
365,-0.046923876,0.9773005604163831,0.008960985132305798,0.7035797653469107,-1.485352,0.587610683353845,0.04945960722000622
366,0.6259962,0.08673486006515894,0.034097486805446456,0.008960985132305798,-1.5124927,0.04945960722000622,0.17759086481985584
367,0.497841,0.3096998263608535,0.11737182668144605,0.034097486805446456,-1.2759693,0.17759086481985584,0.4863539904583643
368,0.103949964,0.8358519184866416,0.29243162261840794,0.11737182668144605,-0.6997635,0.4863539904583643,0.34189501100615793
369,0.32229808,0.5364330831188378,0.6303118336767863,0.29243162261840794,0.44244948,0.34189501100615793,0.5945176828738054
370,-0.033944458,0.9722509752570392,0.19388878338885276,0.6303118336767863,-1.0347438,0.5945176828738054,0.03864978382935118
371,0.610922,0.10548155190251844,0.5920882078843559,0.19388878338885276,0.2290602,0.03864978382935118,0.13927858400228002
372,0.45401108,0.3689064185596013,0.6939439884517783,0.5920882078843559,0.55273086,0.13927858400228002,0.38941969401248144
373,0.05011767,0.9102493423675038,0.09024474786830544,0.6939439884517783,-1.3288949,0.38941969401248144,0.37631184827314546
374,0.5027132,0.31940992913774613,0.2896284056566077,0.09024474786830544,-0.69257396,0.37631184827314546,0.7316619490739745
375,0.087501585,0.8499324690382752,0.5200646795976729,0.2896284056566077,0.06558738,0.7316619490739745,0.20548619212889613
376,0.3459826,0.4986795475446543,0.6773891557773433,0.5200646795976729,0.5438284,0.20548619212889613,0.4793773939974233
377,-0.041023314,0.9774338581548943,0.07847496516498485,0.6773891557773433,-1.3652132,0.4793773939974233,0.24366560215995847
378,0.65900344,0.08623728826379326,0.2771419551154124,0.07847496516498485,-0.7895219,0.24366560215995847,0.6895760211597904
379,0.5304074,0.3080909365755139,0.688922902650342,0.2771419551154124,0.7013779,0.6895760211597904,0.5060652659832627
380,0.10551712,0.8334476781885168,0.1658196423441789,0.688922902650342,-1.1233828,0.5060652659832627,0.3185513509174733
381,0.32518232,0.5427245053789452,0.43895937553686876,0.1658196423441789,-0.18686816,0.3185513509174733,0.579936533860632
382,-0.030067027,0.9703038594212904,0.4672375646590246,0.43895937553686876,-0.116068594,0.579936533860632,0.07262544587352047
383,0.6283238,0.11265699646457988,0.9192615092453867,0.4672375646590246,1.3984091,0.07262544587352047,0.25122229029040577
384,0.43956357,0.3908409829532097,0.13235096314302108,0.9192615092453867,-1.2841408,0.25122229029040577,0.5835133575710613
385,0.03500402,0.9308531509602319,0.3070616784961943,0.13235096314302108,-0.66096824,0.5835133575710613,0.10099116337814541
386,0.55560076,0.25165407472549217,0.7475716197616509,0.3070616784961943,0.853324,0.10099116337814541,0.31609853169420854
387,0.18707412,0.7363033292634349,0.09296284055333519,0.7475716197616509,-1.1739179,0.31609853169420854,0.4825513832863437
388,0.15331367,0.7591224058336714,0.24900165199363058,0.09296284055333519,-0.81791276,0.4825513832863437,0.4044807494772953
389,0.1905675,0.7149219216031117,0.526769385410241,0.24900165199363058,0.09880964,0.4044807494772953,0.49088146569901236
390,0.12869903,0.7968431357593949,0.48640380443336056,0.526769385410241,-0.035645626,0.49088146569901236,0.36639384578960954
391,0.2540456,0.6329286222800963,0.6208607933587309,0.48640380443336056,0.38798213,0.36639384578960954,0.5464816610140975
392,0.05881068,0.9083550954686834,0.26104507281345257,0.6208607933587309,-0.7949265,0.5464816610140975,0.19320363867197474
393,0.48336402,0.32547255934068015,0.6601104384757536,0.26104507281345257,0.5595302,0.19320363867197474,0.5125064056953527
394,0.08935723,0.8583499775960256,0.21443388746385425,0.6601104384757536,-0.980345,0.5125064056953527,0.289649040154489
395,0.3677531,0.47536964571292817,0.54363210072869,0.21443388746385425,0.1654189,0.289649040154489,0.5907344849576281
396,-0.041096926,0.9750688006374484,0.3512167521913261,0.54363210072869,-0.4247881,0.5907344849576281,0.04455530491742045
397,0.6193956,0.09504490286689395,0.858987396046542,0.3512167521913261,1.0898672,0.04455530491742045,0.16025740452802148
398,0.47953376,0.3362840435557567,0.13591226887126917,0.858987396046542,-1.1590945,0.16025740452802148,0.4430936715700523
399,0.07605094,0.8726476402245865,0.32277340472111865,0.13591226887126917,-0.6016516,0.4430936715700523,0.3610664782979431
400,0.39919925,0.4345065367307174,0.6960115903872414,0.32277340472111865,0.6585707,0.3610664782979431,0.6584300779150546
401,0.0370571,0.9606701635779004,0.043326833229456664,0.6960115903872414,-1.3820705,0.6584300779150546,0.11022140582138609
402,0.6303991,0.14772256564510702,0.15586636869271492,0.043326833229456664,-1.1551476,0.11022140582138609,0.3589649089678728
403,0.3439829,0.49224150602966305,0.42803598338993115,0.15586636869271492,-0.2362046,0.3589649089678728,0.6250542310583168
404,0.002185613,0.9772053300462403,0.4705521520314818,0.42803598338993115,-0.094780825,0.6250542310583168,0.03905298263006323
405,0.61684406,0.08709024947672327,0.9338638573229723,0.4705521520314818,1.3671781,0.03905298263006323,0.14179617164671562
406,0.49741253,0.31084778667646873,0.09985625368569687,0.9338638573229723,-1.2965993,0.14179617164671562,0.4079696020192126
407,0.102736294,0.8375549965822097,0.25548697435471396,0.09985625368569687,-0.8164968,0.4079696020192126,0.4110762773268914
408,0.3122241,0.5319491148140486,0.5892537282929293,0.25548697435471396,0.3098921,0.4110762773268914,0.6062111714878754
409,-0.05116272,0.9734498008033365,0.2758198155095567,0.5892537282929293,-0.74652755,0.6062111714878754,0.010478576396633053
410,0.5487946,0.10104893566029298,0.7546259034864133,0.2758198155095567,0.7076836,0.010478576396633053,0.03899082253259776
411,0.45625782,0.355155212907758,0.4130838941269107,0.7546259034864133,-0.4282218,0.03899082253259776,0.1251888170041267
412,0.047278255,0.8954138054569314,0.5184356826592309,0.4130838941269107,0.027999736,0.1251888170041267,0.2535745216937325
413,0.4645697,0.36614115421696475,0.7598783398153914,0.5184356826592309,0.85256636,0.2535745216937325,0.5964605594374782
414,0.04183489,0.9073848019449474,0.09616031789272314,0.7598783398153914,-1.3719106,0.5964605594374782,0.09490741337083057
415,0.50659055,0.3285671644321555,0.3053290362280314,0.09616031789272314,-0.6304726,0.09490741337083057,0.2878729015989272
416,0.07820696,0.8625358103311508,0.5248027563119088,0.3053290362280314,0.10175345,0.2878729015989272,0.4143311403297972
417,0.3753194,0.4635719081071243,0.6955506141144004,0.5248027563119088,0.6011583,0.4143311403297972,0.6501528385896639
418,0.032803535,0.9722523971071018,0.03503283380332931,0.6955506141144004,-1.393324,0.6501528385896639,0.09954650699480949
419,0.659375,0.10547630131727727,0.12892548662569273,0.03503283380332931,-1.2357085,0.09954650699480949,0.3349605764503741
420,0.4501641,0.3688902206744884,0.3865592672731937,0.12892548662569273,-0.32152292,0.3349605764503741,0.6795749426483644
421,0.04663238,0.9102327370582834,0.5187994126706665,0.3865592672731937,0.033883728,0.6795749426483644,0.11634516094279963
422,0.4875309,0.31946319714697347,0.7883133702793005,0.5187994126706665,0.9098293,0.11634516094279963,0.3447803245157151
423,0.090871304,0.8500076792261642,0.13464025268459215,0.7883133702793005,-1.2812451,0.3447803245157151,0.42608755816840344
424,0.34663647,0.49847372735316675,0.380021577594738,0.13464025268459215,-0.3740699,0.42608755816840344,0.625640108594555
425,0.0025582314,0.9774315673721241,0.4896135277667331,0.380021577594738,-0.07439675,0.625640108594555,0.040748631465767994
426,0.6188638,0.0862458404367521,0.9353831460156303,0.4896135277667331,1.3322959,0.040748631465767994,0.1477359145487154
427,0.49942422,0.3081186062297033,0.10260245568927602,0.9353831460156303,-1.298954,0.1477359145487154,0.422251130830892
428,0.106595576,0.8334891973240499,0.26189570904070925,0.10260245568927602,-0.7949948,0.422251130830892,0.40451639488133745
429,0.3006212,0.5426162415376348,0.5941120544747478,0.26189570904070925,0.31202224,0.40451639488133745,0.600173943839795
430,-0.032876134,0.9703399829585966,0.26889829476123067,0.5941120544747478,-0.78063154,0.600173943839795,0.02750687671461981
431,0.5914793,0.11252414514059643,0.7393777082558456,0.26889829476123067,0.69746023,0.02750687671461981,0.1000218194108577
432,0.44851097,0.39043852874903934,0.41833206634433945,0.7393777082558456,-0.31832483,0.1000218194108577,0.29167542159393606
433,0.02783972,0.9305089941764809,0.4989986330975794,0.41833206634433945,-0.022055022,0.29167542159393606,0.3843640400484305
434,0.5474821,0.25281309895541676,0.8365272351546014,0.4989986330975794,1.1362216,0.3843640400484305,0.7753262197166478
435,0.22447789,0.7385488410742858,0.19161368410956625,0.8365272351546014,-1.1837943,0.7753262197166478,0.21504639033201026
436,0.14434248,0.754953479989054,0.4396489392715685,0.19161368410956625,-0.17423424,0.21504639033201026,0.4071942152402815
437,0.18287992,0.723301107040484,0.5952338215081953,0.4396489392715685,0.3135996,0.4071942152402815,0.48449200275435944
438,0.13729776,0.7824866747127925,0.39904236913253827,0.5952338215081953,-0.3835198,0.48449200275435944,0.38466928955452895
439,0.23484534,0.665446610734235,0.6314583488736764,0.39904236913253827,0.49598107,0.38466928955452895,0.5265618914991228
440,0.07955879,0.8704203789648665,0.2674500995770332,0.6314583488736764,-0.8081178,0.5265618914991228,0.2586090067831891
441,0.38157004,0.4409772198537355,0.6330102665128261,0.2674500995770332,0.4560943,0.2586090067831891,0.5728480885963846
442,-0.01601392,0.9638202795400094,0.1942964615437076,0.6330102665128261,-1.0536859,0.5728480885963846,0.0934821050636528
443,0.6348727,0.13633635100266292,0.5859292981275201,0.1942964615437076,0.2510188,0.0934821050636528,0.31225319197428736
444,0.3784571,0.46036967236996973,0.6375613547957824,0.5859292981275201,0.38269237,0.31225319197428736,0.6165083830967567
445,-0.0035457313,0.9713001470755728,0.17861110801057112,0.6375613547957824,-1.0856333,0.6165083830967567,0.012154013614956362
446,0.55093044,0.10898921504961545,0.5554524912849498,0.17861110801057112,0.08205012,0.012154013614956362,0.044993952284702037
447,0.47635278,0.37967926900416565,0.7241660431997337,0.5554524912849498,0.74549586,0.044993952284702037,0.14167382923047725
448,0.041737974,0.920838734413853,0.001192602329736146,0.7241660431997337,-1.4122546,0.14167382923047725,0.2721602796345221
449,0.53234714,0.28500121223306,0.004294804548580336,0.001192602329736146,-1.6107981,0.2721602796345221,0.6549779506592416
450,0.036842287,0.7967139323505618,0.01281424226634154,0.004294804548580336,-1.6723521,0.6549779506592416,0.06762879399757533
451,0.29784438,0.6332284604041742,0.04028102839568283,0.01281424226634154,-1.5345962,0.06762879399757533,0.18005275136869128
452,0.052695274,0.9080430806082256,0.10916455870591271,0.04028102839568283,-1.2960308,0.18005275136869128,0.32240859416707757
453,0.47209767,0.3264684867931176,0.3412936703067633,0.10916455870591271,-0.5020909,0.32240859416707757,0.6914239425064235
454,0.09194255,0.8597052634751159,0.5393630700385769,0.3412936703067633,0.15989622,0.6914239425064235,0.09570636317872842
455,0.37215996,0.4715647814424901,0.6787827726221759,0.5393630700385769,0.53914744,0.09570636317872842,0.26853415902805416
456,-0.009322226,0.9742793909986553,0.07743929355152486,0.6787827726221759,-1.3749957,0.26853415902805416,0.3597994915913207
457,0.6771858,0.0979749752660407,0.2727254015897522,0.07743929355152486,-0.79785484,0.3597994915913207,0.8477931656911939
458,0.48823422,0.34552871726996204,0.6706157917784852,0.2727254015897522,0.6388419,0.8477931656911939,0.046517984301108616
459,-0.05316314,0.8841483526763212,0.16960227178708598,0.6706157917784852,-1.317666,0.046517984301108616,0.1093933847495483
460,0.43402824,0.40047716209324785,0.4749814581797703,0.16960227178708598,-0.07042857,0.1093933847495483,0.31326255296622213
461,0.023065984,0.9387152761102993,0.45586394314479883,0.4749814581797703,-0.15675536,0.31326255296622213,0.38226716989779713
462,0.5649842,0.22492437287985653,0.8567887521500966,0.45586394314479883,1.2369273,0.38226716989779713,0.7909577776688382
463,0.275462,0.6816022223363013,0.20698957175623361,0.8567887521500966,-1.2088156,0.7909577776688382,0.1972189328938392
464,0.06966099,0.8484991755885285,0.43947422232226,0.20698957175623361,-0.23717877,0.1972189328938392,0.3582898393386401
465,0.33733544,0.5025934448247328,0.7100369113905686,0.43947422232226,0.6776046,0.3582898393386401,0.6190104967660953
466,-0.0015935898,0.9774143783042399,0.009130459236365737,0.7100369113905686,-1.4780784,0.6190104967660953,0.02421098994774814
467,0.59347844,0.08631001102703752,0.034740840746870526,0.009130459236365737,-1.5168867,0.02421098994774814,0.08934530864384779
468,0.51974845,0.30832620516529896,0.11955472705790207,0.034740840746870526,-1.265151,0.08934530864384779,0.27578627720162685
469,0.10115123,0.8338005147161316,0.2971313900964237,0.11955472705790207,-0.6877882,0.27578627720162685,0.4224313589788817
470,0.30564678,0.541804031762612,0.6330477576093474,0.2971313900964237,0.43128648,0.4224313589788817,0.5976220001723158
471,-0.030133605,0.9706080635450397,0.18913142637829522,0.6330477576093474,-1.0539491,0.5976220001723158,0.03311789703328149
472,0.6045979,0.11153790787419447,0.5797532684196509,0.18913142637829522,0.19325402,0.03311789703328149,0.11974756353460919
473,0.4399144,0.3874465479682268,0.6949698703949746,0.5797532684196509,0.56244916,0.11974756353460919,0.3404991079734704
474,0.026072681,0.9279107082728659,0.073047750592261,0.6949698703949746,-1.4117181,0.3404991079734704,0.3849134243573947
475,0.5419823,0.2615335111444819,0.2443912472327201,0.073047750592261,-0.8635475,0.3849134243573947,0.7703414613786824
476,0.20721632,0.7551070682560159,0.5098414924786393,0.2443912472327201,0.11064247,0.7703414613786824,0.2186124429078139
477,0.17325339,0.7229948189061483,0.549341346438628,0.5098414924786393,0.1278297,0.2186124429078139,0.42184667413600874
478,0.1433117,0.7830211202980341,0.46733542800398725,0.549341346438628,-0.08197536,0.42184667413600874,0.438184943145385
479,0.22967607,0.6642649508590717,0.6143357978154778,0.46733542800398725,0.378773,0.438184943145385,0.5086938222216035
480,0.081030905,0.8719436495792544,0.3005677856329914,0.6143357978154778,-0.6835801,0.5086938222216035,0.28425370584531795
481,0.38977373,0.4365559768751919,0.6737168862851695,0.3005677856329914,0.5736291,0.28425370584531795,0.6030455920210451
482,-0.013101637,0.9617033170451712,0.1003413006125045,0.6737168862851695,-1.3394347,0.6030455920210451,0.029016902253781122
483,0.5798577,0.14399674414405936,0.33885788423380026,0.1003413006125045,-0.57578653,0.029016902253781122,0.10390870443639143
484,0.35376698,0.48192392601580325,0.690197637394532,0.33885788423380026,0.63842434,0.10390870443639143,0.2865188873063009
485,-0.0064340234,0.9761631819304005,0.04613828330168691,0.690197637394532,-1.4551249,0.2865188873063009,0.3628476951915159
486,0.6841469,0.09097479889377293,0.16856611430274682,0.04613828330168691,-1.117001,0.3628476951915159,0.8546226426796303
487,0.49796394,0.32333106054087046,0.488151169245175,0.16856611430274682,-0.025520287,0.8546226426796303,0.053760041956661356
488,0.063557774,0.8554094973558938,0.49125859875094524,0.488151169245175,-0.09183397,0.053760041956661356,0.12732057407631184
489,0.3831085,0.4835754385926779,0.704445048676809,0.49125859875094524,0.7351833,0.12732057407631184,0.3390588223718634
490,-0.09065044,0.9763859533015543,0.007330686840869516,0.704445048676809,-1.4843774,0.3390588223718634,0.3594246202859418
491,0.6859394,0.09014514460196421,0.027911582681380925,0.007330686840869516,-1.5180655,0.3594246202859418,0.8518514471638472
492,0.48061374,0.3206748172073364,0.09639688109425489,0.027911582681380925,-1.3434012,0.8518514471638472,0.06638921304170442
493,0.065803304,0.8517123983229218,0.24633654676423228,0.09639688109425489,-0.87155265,0.06638921304170442,0.15432816146683612
494,0.38086182,0.49379672995734425,0.5881545622477159,0.24633654676423228,0.38188794,0.15432816146683612,0.39216615430067947
495,-0.09444374,0.9772902253412142,0.2751824908457597,0.5881545622477159,-0.73881173,0.39216615430067947,0.33351279870026
496,0.69103193,0.08677343287504807,0.758220666679751,0.2751824908457597,0.8183542,0.33351279870026,0.8260839391411829
497,0.3922705,0.3098244700160202,0.44496193658192745,0.758220666679751,-0.6050692,0.8260839391411829,0.1618908216878363
498,0.10941598,0.8360373346131823,0.5337665690993402,0.44496193658192745,0.1327394,0.1618908216878363,0.319695489513008
499,0.3290309,0.5359460083895144,0.6428681639036194,0.5337665690993402,0.44979218,0.319695489513008,0.5839838650394221
500,-0.034615427,0.9723888101345305,0.16581793223525562,0.6428681639036194,-1.1228856,0.5839838650394221,0.061956337683217656
501,0.6226086,0.10497248395134563,0.5248201133889094,0.16581793223525562,0.05732993,0.061956337683217656,0.21765444376828885
502,0.4643258,0.3673349576817495,0.7552831072902597,0.5248201133889094,0.8282896,0.21765444376828885,0.5422130329442789
503,0.05964464,0.9086287990633191,0.08300512561744991,0.7552831072902597,-1.3557911,0.5422130329442789,0.20053591282328134
504,0.49109322,0.32459829171730753,0.26825384933056284,0.08300512561744991,-0.76987666,0.20053591282328134,0.5264667685650801
505,0.088285506,0.8571538571470919,0.5020010657084542,0.26825384933056284,-0.0039344653,0.5264667685650801,0.2697116832855609
506,0.36062545,0.4787157331084182,0.7014713793800489,0.5020010657084542,0.6481316,0.2697116832855609,0.5697394222013
507,-0.047133833,0.9756694744307522,0.016119216410406405,0.7014713793800489,-1.4877269,0.5697394222013,0.08933162729750692
508,0.65977955,0.09281210164102928,0.060764460240666285,0.016119216410406405,-1.4318423,0.08933162729750692,0.305940583759325
509,0.46230873,0.32919426020839077,0.20137546745017643,0.060764460240666285,-1.0060477,0.305940583759325,0.6745522168560416
510,0.09434879,0.8633749093902902,0.42846875461320255,0.20137546745017643,-0.21558365,0.6745522168560416,0.05263365510256709
511,0.45221037,0.4611904286311112,0.7318340370206753,0.42846875461320255,0.9644005,0.05263365510256709,0.15742468917314273
512,-0.016241431,0.9715518577477065,0.0672344586926126,0.7318340370206753,-1.4535251,0.15742468917314273,0.2801770305470276
513,0.6461735,0.10806132705150834,0.23868924575590608,0.0672344586926126,-0.90603226,0.2801770305470276,0.7432087474934309
514,0.46320838,0.3768388678255553,0.6101160059035843,0.23868924575590608,0.39898708,0.7432087474934309,0.30902395229742297
515,0.038930386,0.9181347965976326,0.2753180643047883,0.6101160059035843,-0.77814204,0.30902395229742297,0.39220382419911337
516,0.5227258,0.2938706350382188,0.6910002723534157,0.2753180643047883,0.6834081,0.39220382419911337,0.7538325369343513
517,0.19038588,0.8113175358382361,0.17874857071040573,0.6910002723534157,-0.8607815,0.7538325369343513,0.23158696547389176
518,0.2816888,0.5985119161552167,0.452276594664934,0.17874857071040573,-0.13941488,0.23158696547389176,0.48031247351029593
519,0.040409625,0.9394980013776817,0.47414474282691854,0.452276594664934,-0.051587008,0.48031247351029593,0.27095471847854374
520,0.5707642,0.22223680308452806,0.8584773466718875,0.47414474282691854,1.2453654,0.27095471847854374,0.6800269767177001
521,0.045133293,0.675793124576408,0.2072142685305764,0.8584773466718875,-1.2728548,0.6800269767177001,0.1323863430787928
522,0.1031799,0.8566164079518315,0.43777803818586764,0.2072142685305764,-0.18186674,0.1323863430787928,0.2724724272897429
523,0.36072662,0.48021557772222057,0.7218128183182715,0.43777803818586764,0.73519814,0.2724724272897429,0.5719811993757372
524,-0.04679939,0.9759103027241992,0.041513470582150394,0.7218128183182715,-1.4648134,0.5719811993757372,0.08443995693918241
525,0.6549642,0.09191611174705709,0.15238017844294546,0.041513470582150394,-1.1693125,0.08443995693918241,0.2909257623546817
526,0.48345965,0.32633827519836967,0.45046137762644806,0.15238017844294546,-0.1416845,0.2909257623546817,0.6598755857351944
527,0.10166404,0.8595285086349191,0.5180781358896822,0.45046137762644806,0.105950244,0.6598755857351944,0.00953852490458391
528,0.35916215,0.47206182195237645,0.6951721993419548,0.5180781358896822,0.58483034,0.00953852490458391,0.029978239704551234
529,-0.1993399,0.9743889420091735,0.03429410447429571,0.6951721993419548,-1.4877732,0.029978239704551234,0.06819942024897435
530,0.626036,0.09756864311156975,0.1266275466966316,0.03429410447429571,-1.2496791,0.06819942024897435,0.23870915924558997
531,0.48997915,0.3442507077431324,0.3845074057174433,0.1266275466966316,-0.31819436,0.23870915924558997,0.5836008381603052
532,0.060554117,0.882598269192634,0.5317257130111642,0.3845074057174433,0.06925032,0.5836008381603052,0.14496974305675958
533,0.43505874,0.4051239982422852,0.7269740485764954,0.5317257130111642,0.7279978,0.14496974305675958,0.393863535729237
534,0.029002547,0.9422471194104738,0.02765638749860371,0.7269740485764954,-1.4243199,0.393863535729237,0.35398018571157763
535,0.5576554,0.21275945458243412,0.09907381195839193,0.02765638749860371,-1.3314741,0.35398018571157763,0.7784381278527474
536,0.2601566,0.6548573721304672,0.27520206860474183,0.09907381195839193,-0.6843762,0.7784381278527474,0.12323931830990355
537,0.055822074,0.8836814155233913,0.4988282167824336,0.27520206860474183,-0.033769928,0.12323931830990355,0.25283515071809853
538,0.42716584,0.40187892245623785,0.7486175331475734,0.4988282167824336,0.8297364,0.25283515071809853,0.5812842321043651
539,0.031216443,0.9397984735467518,0.09019920838378537,0.7486175331475734,-1.3972924,0.5812842321043651,0.09753104002319708
540,0.57822967,0.22120382767436975,0.2999768113686978,0.09019920838378537,-0.67967695,0.09753104002319708,0.3112489151428616
541,0.24984877,0.6735453545245755,0.5889965174169298,0.2999768113686978,0.35307983,0.3112489151428616,0.5116984740087093
542,0.08857459,0.859686480970448,0.35555916943562016,0.5889965174169298,-0.4834541,0.5116984740087093,0.28974076717875724
543,0.3700369,0.4716176100732088,0.7051352638492607,0.35555916943562016,0.7166588,0.28974076717875724,0.5925222048264617
544,-0.039132446,0.9742911265285257,0.007166133630392597,0.7051352638492607,-1.4835998,0.5925222048264617,0.041259861228291665
545,0.6156517,0.09793145187506787,0.027223692415843864,0.007166133630392597,-1.5330701,0.041259861228291665,0.14875059012666375
546,0.4711896,0.3453918877779983,0.09329901959261278,0.027223692415843864,-1.35232,0.14875059012666375,0.4158646004787104
547,0.070148796,0.8839830042115261,0.23599826214424133,0.09329901959261278,-0.8882217,0.4158646004787104,0.3758803962384445
548,0.44133654,0.4009737384758646,0.5990040386013237,0.23599826214424133,0.3639702,0.3758803962384445,0.6833799981685084
549,0.061499,0.9391007583566799,0.2816932133557661,0.5990040386013237,-0.6335687,0.6833799981685084,0.15812880188302267
550,0.5694989,0.22360137761497476,0.7233347218026818,0.2816932133557661,0.76229686,0.15812880188302267,0.4664711081736556
551,0.22302893,0.6787496679899648,0.20832110581405808,0.7233347218026818,-0.9283797,0.4664711081736556,0.47920511333441457
552,0.09333786,0.8525181119653812,0.4402171825299539,0.20832110581405808,-0.19422337,0.47920511333441457,0.33777583244763415
553,0.35228878,0.4915782988162078,0.7156836546317294,0.4402171825299539,0.71172243,0.33777583244763415,0.616569683375332
554,-0.0018912256,0.9771633750780833,0.02492550190687789,0.7156836546317294,-1.4717176,0.616569683375332,0.01797266106068163
555,0.5716793,0.08724679836389936,0.09326002278054184,0.02492550190687789,-1.357151,0.01797266106068163,0.06673730078099296
556,0.5160326,0.31135314937387665,0.299085535936307,0.09326002278054184,-0.6587736,0.06673730078099296,0.21159962186296727
557,0.077169955,0.8383014701920056,0.5300082651036327,0.299085535936307,0.080092646,0.21159962186296727,0.37586931383053074
558,0.30803978,0.5299766042792955,0.6499384632690042,0.5300082651036327,0.4101353,0.37586931383053074,0.6073359345499059
559,-0.05891207,0.9739273749285828,0.14833944593697423,0.6499384632690042,-1.1725171,0.6073359345499059,0.007364994138871171
560,0.4762869,0.09927999157504437,0.4807222168751425,0.14833944593697423,-0.17355081,0.007364994138871171,0.027515506546098446
561,0.48245177,0.3496245665349602,0.7854794762320387,0.4807222168751425,1.012023,0.027515506546098446,0.08982129132437361
562,0.024434924,0.889030106619048,0.16163695982035703,0.7854794762320387,-1.3638783,0.08982129132437361,0.19529015454613607
563,0.43638918,0.38571989183220257,0.4605723580926348,0.16163695982035703,-0.11992856,0.19529015454613607,0.49799248673407936
564,0.04775834,0.9263793967002932,0.4749232898574552,0.4605723580926348,-0.055922203,0.49799248673407936,0.25665497455516023
565,0.55479825,0.26664820142052115,0.8334790550211567,0.4749232898574552,1.2033296,0.25665497455516023,0.6406518813746436
566,0.062761664,0.7645421248350985,0.20652541916224026,0.8334790550211567,-1.2639802,0.6406518813746436,0.13445499330352695
567,0.20760286,0.7038255669711745,0.474210669534601,0.20652541916224026,-0.020584904,0.13445499330352695,0.3078563151255933
568,0.12088521,0.8150101243125457,0.5259577267393557,0.474210669534601,0.089013554,0.3078563151255933,0.4419184203474679
569,0.26132622,0.5894695331046469,0.6163574624836997,0.5259577267393557,0.3059025,0.4419184203474679,0.5583947205668643
570,0.020207405,0.9461438170744936,0.2425445409636216,0.6163574624836997,-0.8771823,0.5583947205668643,0.13824406503006154
571,0.58081,0.1992246736947675,0.6672425624636428,0.2425445409636216,0.51877004,0.13824406503006154,0.4238744417305439
572,0.2427879,0.6237408767251017,0.3831607111594558,0.6672425624636428,-0.564762,0.4238744417305439,0.5427996279791846
573,0.055104107,0.9175751527963198,0.516044908789915,0.3831607111594558,0.056012847,0.5427996279791846,0.1918891423160709
574,0.5058233,0.29569923063453796,0.8042391022418989,0.516044908789915,0.9667273,0.1918891423160709,0.5189679120869028
575,0.11718345,0.8142518547212771,0.15384702884086762,0.8042391022418989,-1.231843,0.5189679120869028,0.31604353081158465
576,0.29677722,0.5913350772517171,0.40568172732536634,0.15384702884086762,-0.290709,0.31604353081158465,0.5543856222907985
577,0.020174801,0.9448250580932579,0.4972745848829976,0.40568172732536634,-0.037631743,0.5543856222907985,0.14711181141598287
578,0.58275294,0.2038185401105127,0.8658376420236149,0.4972745848829976,1.2262332,0.14711181141598287,0.4448897351016182
579,0.23957929,0.6344627743211841,0.1917882031489941,0.8658376420236149,-1.2354808,0.4448897351016182,0.525575446062378
580,0.057100832,0.9067512363010006,0.4054792682428943,0.1917882031489941,-0.3079774,0.525575446062378,0.23021258843663564
581,0.5023222,0.3305838537484008,0.7919684684685563,0.4054792682428943,1.030451,0.23021258843663564,0.5754309904040159
582,0.072606474,0.8652233284302199,0.1609329807595204,0.7919684684685563,-1.298968,0.5754309904040159,0.17705074336364796
583,0.3940499,0.455924936730966,0.44564824718648754,0.1609329807595204,-0.15907976,0.17705074336364796,0.4446496308424645
584,-0.025339127,0.9698455263759965,0.4628452176334459,0.44564824718648754,-0.13415658,0.4446496308424645,0.2918449787382435
585,0.6494101,0.1143417191982874,0.9177135441253821,0.4628452176334459,1.429165,0.2918449787382435,0.7579348258495126
586,0.36377424,0.3959326389124522,0.13205402809846603,0.9177135441253821,-1.3012172,0.7579348258495126,0.2486930895358819
587,0.011174768,0.9350978839836028,0.3058643226496041,0.13205402809846603,-0.68371123,0.2486930895358819,0.3678414795659072
588,0.5506046,0.23728283894088564,0.751300255019116,0.3058643226496041,0.84172934,0.3678414795659072,0.7747840783480099
589,0.20642087,0.7075876544054406,0.10790101952842436,0.751300255019116,-1.1314582,0.7747840783480099,0.17563036717464864
590,0.115392596,0.808958701081958,0.27629713710143816,0.10790101952842436,-0.7523305,0.17563036717464864,0.3448253724016018
591,0.2772078,0.6042324039172298,0.5909538274040217,0.27629713710143816,0.32096568,0.3448253724016018,0.5589883601870627
592,0.04198149,0.9349634726654498,0.2995578254960925,0.5909538274040217,-0.63462925,0.5589883601870627,0.14689093148178245
593,0.55560184,0.23774007041651046,0.7430964996923732,0.2995578254960925,0.8295987,0.14689093148178245,0.43653488471978946
594,0.1999225,0.7085261383998853,0.1299353364107647,0.7430964996923732,-1.1085551,0.43653488471978946,0.4793017909898688
595,0.12125254,0.8074318756655654,0.32166500579540985,0.1299353364107647,-0.60170263,0.4793017909898688,0.37155142980305106
596,0.26509756,0.6079119629141052,0.629046349918644,0.32166500579540985,0.44548634,0.37155142980305106,0.5612378625085177
597,0.04281169,0.9319115208404563,0.226655191067532,0.629046349918644,-0.89957905,0.5612378625085177,0.14521849506281959
598,0.5468943,0.24808397601252397,0.6246314519151115,0.226655191067532,0.3888555,0.14521849506281959,0.43016120116252227
599,0.18367773,0.7293205535200437,0.38562923931751947,0.6246314519151115,-0.45307603,0.43016120116252227,0.4690250476200734
600,0.14742768,0.77183440166464,0.5820978866374772,0.38562923931751947,0.28600517,0.4690250476200734,0.4086654162977029
601,0.2145127,0.688532897230807,0.4850799072486902,0.5820978866374772,-0.063548826,0.4086654162977029,0.5061675032773135
602,0.10234594,0.8384695153621579,0.5037624256712081,0.4850799072486902,0.013168789,0.5061675032773135,0.31442657377969235
603,0.33366182,0.529531954413785,0.6701522251450649,0.5037624256712081,0.5727789,0.31442657377969235,0.5840170381348194
604,-0.038826644,0.9740308290974761,0.09945738153942846,0.6701522251450649,-1.3144119,0.5840170381348194,0.06038002933936499
605,0.625322,0.09889656025499317,0.3415254877257422,0.09945738153942846,-0.579184,0.06038002933936499,0.21306529914701935
606,0.47932646,0.34842253257859984,0.7459725957793366,0.3415254877257422,0.8430889,0.21306529914701935,0.5409334604994956
607,0.07024905,0.8876110283758707,0.03604949479452372,0.7459725957793366,-1.3535988,0.5409334604994956,0.22060577352437086
608,0.44437268,0.3900288981426313,0.12038814349648873,0.03604949479452372,-1.2658339,0.22060577352437086,0.5391615216723413
609,0.03966397,0.9301573999254489,0.285085035720817,0.12038814349648873,-0.73590845,0.5391615216723413,0.18765468021062606
610,0.53771174,0.2539962140902342,0.7179814661539741,0.285085035720817,0.75587875,0.18765468021062606,0.5229035949451559
611,0.16471039,0.7408301929512688,0.16920906676503858,0.7179814661539741,-1.0878403,0.5229035949451559,0.37057972232441716
612,0.17203021,0.7506776373742035,0.4040467174878632,0.16920906676503858,-0.29805014,0.37057972232441716,0.47821344116653947
613,0.1774696,0.7317540103987545,0.5997128983402032,0.4040467174878632,0.35346487,0.47821344116653947,0.42950244401815524
614,0.15535253,0.7674476280951195,0.4021223010672083,0.5997128983402032,-0.3617055,0.42950244401815524,0.4437353727780571
615,0.20864667,0.69778225473487,0.6160673910804371,0.4021223010672083,0.42973128,0.4437353727780571,0.4821575038021963
616,0.11088529,0.8244992804982797,0.3317838641095254,0.6160673910804371,-0.60767424,0.4821575038021963,0.35546176719891515
617,0.29652303,0.5657435110505196,0.6521467668233583,0.3317838641095254,0.52659386,0.35546176719891515,0.5828631714299556
618,-0.0044302642,0.9605418627042984,0.15349095190655684,0.6521467668233583,-1.1880187,0.5828631714299556,0.07522718940081911
619,0.6130738,0.1481846695214467,0.48541941894608276,0.15349095190655684,-0.029918633,0.07522718940081911,0.25526347151019174
620,0.34644884,0.49351360204513756,0.7015416742569094,0.48541941894608276,0.6437738,0.25526347151019174,0.5477546596001418
621,-0.065719575,0.9772761783488843,0.014593039747455946,0.7015416742569094,-1.4876479,0.5477546596001418,0.13171669239999584
622,0.67659044,0.08682585805013225,0.05520240002316514,0.014593039747455946,-1.4444945,0.13171669239999584,0.43044861026173964
623,0.5136006,0.30999385736450524,0.18540705687601516,0.05520240002316514,-1.0540447,0.43044861026173964,0.7519150903553348
624,0.3587098,0.836289115376574,0.4121070333638925,0.18540705687601516,-0.029209577,0.7519150903553348,0.254791131768137
625,0.32400516,0.5352841681899635,0.6943552289748239,0.4121070333638925,0.68665016,0.254791131768137,0.5305227086230551
626,-0.073011935,0.9725731280551752,0.037981997860699925,0.6943552289748239,-1.48431,0.5305227086230551,0.16732727560074553
627,0.67110616,0.10429150721217757,0.13939035456238708,0.037981997860699925,-1.202894,0.16732727560074553,0.518879394850122
628,0.47180524,0.36522965670016355,0.41278810306342595,0.13939035456238708,-0.23492238,0.518879394850122,0.6815469604976078
629,0.049363226,0.906427477629142,0.5131680098399896,0.41278810306342595,0.033293225,0.6815469604976078,0.11788496475482943
630,0.4751541,0.3316131912859544,0.7837758513340755,0.5131680098399896,0.89910114,0.11788496475482943,0.3463855966110253
631,0.07628265,0.8665828047719407,0.1352096725991853,0.7837758513340755,-1.3038006,0.3463855966110253,0.4168876338968691
632,0.38687465,0.45203521889555226,0.3887526084664055,0.1352096725991853,-0.33521673,0.4168876338968691,0.657528346572715
633,0.04154712,0.9684457960465243,0.4916111368997618,0.3887526084664055,0.020556964,0.657528346572715,0.11576374737780264
634,0.652385,0.11947662489375276,0.9160024564587689,0.4916111368997618,1.4084027,0.11576374737780264,0.37962741915703097
635,0.43039468,0.41131470315849117,0.14229488128318454,0.9160024564587689,-1.280372,0.37962741915703097,0.6784591133824526
636,0.059113085,0.9466900714394795,0.32188714708977045,0.14229488128318454,-0.5742716,0.6784591133824526,0.15197574622680013
637,0.59016466,0.19731782609057402,0.7855382745246554,0.32188714708977045,0.95421773,0.15197574622680013,0.4582503071710096
638,0.2499401,0.6192419069655599,0.08886198932221057,0.7855382745246554,-1.0941653,0.4582503071710096,0.5282938673249533
639,0.044063658,0.9218491966734386,0.22234920740664635,0.08886198932221057,-0.9402732,0.5282938673249533,0.21326452469308546
640,0.538813,0.2816720322820733,0.6077056160389573,0.22234920740664635,0.35454443,0.21326452469308546,0.563597114510979
641,0.12392512,0.791073619744654,0.3713455906600961,0.6077056160389573,-0.51051337,0.563597114510979,0.2650947683827189
642,0.270268,0.646190518344916,0.6366430647401675,0.3713455906600961,0.59698546,0.2650947683827189,0.49516126226063295
643,0.06803393,0.8938825261493489,0.23896165747045256,0.6366430647401675,-0.87850785,0.49516126226063295,0.28592663830693066
644,0.43514258,0.3708666229872151,0.6122438216331801,0.23896165747045256,0.37809637,0.28592663830693066,0.6341742401700237
645,0.038859367,0.9122437046429651,0.27540799773672797,0.6122438216331801,-0.7932881,0.6341742401700237,0.0023079900683582884
646,0.28824514,0.31299655339158333,0.6848974230452525,0.27540799773672797,0.3354042,0.0023079900683582884,0.007894840741551296
647,0.18856683,0.8407151434586889,0.16983394516791284,0.6848974230452525,-0.8340195,0.007894840741551296,0.02029900399332128
648,0.42295957,0.5235687993850424,0.45074620505034696,0.16983394516791284,-0.077865325,0.02029900399332128,0.06130091624245491
649,-0.17037016,0.9752688477428959,0.45618757471861987,0.45074620505034696,-0.1480698,0.06130091624245491,0.13184491018134173
650,0.66955245,0.09430160890398531,0.927302767521756,0.45618757471861987,1.4424869,0.13184491018134173,0.4292556471253482
651,0.49633953,0.33392820101200743,0.10048208474872138,0.927302767521756,-1.28442,0.4292556471253482,0.7357270341886247
652,0.24405564,0.8696100360125961,0.2530301288527674,0.10048208474872138,-0.68911713,0.7357270341886247,0.24105706202601457
653,0.39030737,0.4433218202166737,0.6125657182612845,0.2530301288527674,0.42415574,0.24105706202601457,0.5496701599465669
654,-0.033567816,0.9648808906916901,0.23663381704686876,0.6125657182612845,-0.9101709,0.5496701599465669,0.1387341738498961
655,0.63142717,0.1324852706428988,0.6751786185214887,0.23663381704686876,0.52147156,0.1387341738498961,0.43963081757508743
656,0.3957123,0.4493604581962852,0.5058636831261895,0.6751786185214887,-0.11399969,0.43963081757508743,0.6560436415112104
657,0.038400948,0.9674146236288454,0.4067308225577567,0.5058636831261895,-0.20283964,0.6560436415112104,0.11062271837813327
658,0.64952457,0.12324967668769793,0.892159744999823,0.4067308225577567,1.2565644,0.11062271837813327,0.3643434166580705
659,0.41360518,0.42248580572490463,0.06650609292299105,0.892159744999823,-1.2395172,0.3643434166580705,0.6665932334404716
660,0.04505384,0.9539490602687081,0.16974780044868182,0.06650609292299105,-1.0870512,0.6665932334404716,0.12589561477884206
661,0.6028441,0.1717568555493423,0.5212178748172142,0.16974780044868182,0.06674246,0.12589561477884206,0.3975304565107568
662,0.2861516,0.556188915712647,0.6410635151962925,0.5212178748172142,0.38683265,0.3975304565107568,0.5922354692431816
663,-0.015175849,0.9650967948826367,0.17544382013153806,0.6410635151962925,-1.1102173,0.5922354692431816,0.050444955166620856
664,0.60912144,0.13170024471725106,0.5430804731146183,0.17544382013153806,0.108568944,0.050444955166620856,0.17737684521931962
665,0.40010458,0.4471020484908326,0.6912159398654151,0.5430804731146183,0.5967049,0.17737684521931962,0.4476960633930336
666,-0.014136881,0.9665004035046154,0.05133172448784283,0.6912159398654151,-1.4622731,0.4476960633930336,0.29084591733778903
667,0.63796544,0.12658784737711384,0.18432671661886108,0.05133172448784283,-1.070673,0.29084591733778903,0.7508938338984157
668,0.13598341,0.43227651771005227,0.49858272650360397,0.18432671661886108,-0.22964844,0.7508938338984157,0.2243135409002634
669,-0.010554016,0.959508665653013,0.41985332165764516,0.49858272650360397,-0.2786244,0.2243135409002634,0.3446348567572068
670,0.6231802,0.15190126450372318,0.8849897524748517,0.41985332165764516,1.2527359,0.3446348567572068,0.803405472507997
671,0.41587397,0.5036840564423782,0.12595513232966976,0.8849897524748517,-1.2252988,0.803405472507997,0.01536814186014742
672,0.018042535,0.9773876108340416,0.2884661101428453,0.12595513232966976,-0.7179999,0.01536814186014742,0.03576998366322575
673,0.6157466,0.08640993531034842,0.7798363344860405,0.2884661101428453,0.84332806,0.03576998366322575,0.13037460417590835
674,0.4966175,0.30864940713172956,0.3922645238920392,0.7798363344860405,-0.5467307,0.13037460417590835,0.38139547709401733
675,0.098535,0.8342845207998659,0.552873059680063,0.3922645238920392,0.16196075,0.38139547709401733,0.4259916891307249
676,0.30726504,0.5405397817584081,0.6212235454760054,0.552873059680063,0.3234431,0.4259916891307249,0.5975572620375618
677,-0.031161427,0.9710150822228074,0.21426318912484602,0.6212235454760054,-0.9709465,0.5975572620375618,0.032884557095692275
678,0.60494614,0.11003945922877964,0.6359380898995541,0.21426318912484602,0.35572842,0.032884557095692275,0.11901121277368024
679,0.4426808,0.3828860977715661,0.6248661434226911,0.6359380898995541,0.24727443,0.11901121277368024,0.3396000309688066
680,0.029838383,0.9238156754810382,0.24143262187724496,0.6248661434226911,-0.9085024,0.3396000309688066,0.387275004817962
681,0.5338328,0.2751701670931627,0.6435526528997926,0.24143262187724496,0.47368434,0.387275004817962,0.7632001275682005
682,0.18298885,0.7798082160839175,0.3108625682983281,0.6435526528997926,-0.5879293,0.7632001275682005,0.22478174785687377
683,0.22173652,0.671335040226486,0.5978400566437613,0.3108625682983281,0.3435637,0.22478174785687377,0.4465249493520145
684,0.08262777,0.8626668698831721,0.3379431088425481,0.5978400566437613,-0.5630745,0.4465249493520145,0.3648446983596358
685,0.37046605,0.4632003057340473,0.6970382429901423,0.3379431088425481,0.66163,0.3648446983596358,0.6434982436152653
686,0.022489458,0.9721460061336706,0.031106813414749006,0.6970382429901423,-1.4345412,0.6434982436152653,0.08163157156141347
687,0.64357686,0.10586913654435011,0.1149443019395732,0.031106813414749006,-1.2794256,0.08163157156141347,0.2803624560817625
688,0.4417932,0.37010150931605035,0.3508112574644472,0.1149443019395732,-0.4478645,0.2803624560817625,0.6282855109924941
689,0.023876935,0.9114688333741405,0.519758085973263,0.3508112574644472,-0.0128705725,0.6282855109924941,0.01755530561967997
690,0.50315225,0.3154920422421007,0.7902469164430331,0.519758085973263,0.94615203,0.01755530561967997,0.05893254489191259
691,0.07462387,0.8443398944966535,0.13569717187116787,0.7902469164430331,-1.2984949,0.05893254489191259,0.139398624198429
692,0.36725786,0.513860256652351,0.3799694028780944,0.13569717187116787,-0.34910533,0.139398624198429,0.3580016710063535
693,-0.07590413,0.9766895835295647,0.48995797621382925,0.3799694028780944,-0.08077451,0.3580016710063535,0.3527473099784866
694,0.6883385,0.08901372753080795,0.9337715471119336,0.48995797621382925,1.4993452,0.3527473099784866,0.8458863075901821
695,0.44589302,0.31704376716108496,0.10635039428170519,0.9337715471119336,-1.3100309,0.8458863075901821,0.09052348181850395
696,0.07554051,0.8465692542526577,0.26824524396564803,0.10635039428170519,-0.7973265,0.09052348181850395,0.20259543165698984
697,0.3380047,0.5078381076102914,0.6128355654855225,0.26824524396564803,0.390523,0.20259543165698984,0.47201984190293295
698,-0.03860858,0.9772004752852044,0.22715515257339847,0.6128355654855225,-0.91206527,0.47201984190293295,0.2537142742033587
699,0.6568037,0.0871083650185926,0.6688163296057363,0.22715515257339847,0.48077706,0.2537142742033587,0.7076718607231636
700,0.52564037,0.3109062760992483,0.6274133810376326,0.6688163296057363,0.3390433,0.7076718607231636,0.46601472594926324
701,0.10116151,0.8376414937737071,0.30007143510753137,0.6274133810376326,-0.7160019,0.46601472594926324,0.3634497103459645
702,0.31483343,0.531720774506452,0.6394121069804528,0.30007143510753137,0.45493987,0.3634497103459645,0.6039709951165031
703,-0.04708886,0.9735066425056433,0.1727945042743759,0.6394121069804528,-1.098625,0.6039709951165031,0.015690529814968067
704,0.55952257,0.10083848636377678,0.5429928382796717,0.1727945042743759,0.05144552,0.015690529814968067,0.058069083166415424
705,0.51025975,0.35449852044351204,0.7507724249274736,0.5429928382796717,0.8782092,0.058069083166415424,0.18216025912622286
706,0.058345884,0.8946683380195058,0.05675807600133709,0.7507724249274736,-1.3624251,0.18216025912622286,0.3284979829531871
707,0.4439474,0.3684439282497876,0.1863595871270632,0.05675807600133709,-1.0510831,0.3284979829531871,0.6750165433223707
708,0.048621297,0.9097744120777788,0.39732469165149203,0.1863595871270632,-0.33976313,0.6750165433223707,0.10301605777809016
709,0.5040779,0.3209326023269747,0.7933528112709429,0.39732469165149203,1.0169036,0.10301605777809016,0.31042647928106504
710,0.09144741,0.852073614551507,0.1532042569269177,0.7933528112709429,-1.2748796,0.31042647928106504,0.4244366620205426
711,0.35158217,0.4928027942697275,0.42223179942683514,0.1532042569269177,-0.24715802,0.4244366620205426,0.6297378040592966
712,0.005856037,0.9772381503864448,0.47381830113375495,0.42223179942683514,-0.078088604,0.6297378040592966,0.050941389693801326
713,0.6268526,0.08696777553560017,0.9343124511853864,0.47381830113375495,1.3903546,0.050941389693801326,0.18259684266626788
714,0.49652043,0.3104522892787261,0.10111974671771619,0.9343124511853864,-1.297687,0.18259684266626788,0.49626431267318305
715,0.10321778,0.8369694125208238,0.2582859477495107,0.10111974671771619,-0.80773276,0.49626431267318305,0.32871021007505663
716,0.32849535,0.5334934348881326,0.5923868676725569,0.2582859477495107,0.34417132,0.32871021007505663,0.5900977213097843
717,-0.035865784,0.9730546635948732,0.27024487551806464,0.5923868676725569,-0.76852125,0.5900977213097843,0.047844326317244015
718,0.6190386,0.10251118351616673,0.7448463451553675,0.27024487551806464,0.7283899,0.047844326317244015,0.17091028117361204
719,0.46380204,0.3597084932574108,0.43244085084756456,0.7448463451553675,-0.3290412,0.17091028117361204,0.4591312390220824
720,0.06272456,0.9004898718112915,0.5071266376212775,0.43244085084756456,0.04128147,0.4591312390220824,0.32521977182671524
721,0.45807615,0.3503454787990039,0.7753919061017258,0.5071266376212775,0.8778917,0.32521977182671524,0.6816906488290072
722,0.06572646,0.8898757698132953,0.12949505258065477,0.7753919061017258,-1.3258672,0.6816906488290072,0.10059937523416859
723,0.45564783,0.3831445622962106,0.3857926863171335,0.12949505258065477,-0.3129787,0.10059937523416859,0.29428256267078046
724,0.03308943,0.9240521096781237,0.5126301182711379,0.3857926863171335,0.00026062876,0.29428256267078046,0.3877715416148653
725,0.53446615,0.27438639675177184,0.8187436642762799,0.5126301182711379,1.0524925,0.3877715416148653,0.7639003945569355
726,0.18595877,0.7784278970166161,0.16875175389599073,0.8187436642762799,-1.1601877,0.7639003945569355,0.2254316585162105
727,0.22010544,0.6743476842253,0.41849587476073496,0.16875175389599073,-0.25914285,0.2254316585162105,0.44617653342243935
728,0.08500615,0.8585951687785042,0.5345241945144856,0.41849587476073496,0.11436058,0.44617653342243935,0.36801846899428814
729,0.35972756,0.47468235389112334,0.6809205256551809,0.5345241945144856,0.52534086,0.36801846899428814,0.6378900973137299
730,0.016124666,0.9749345829716044,0.07141580033425608,0.6809205256551809,-1.3424394,0.6378900973137299,0.0696843946501588
731,0.6323966,0.09554342590499214,0.25341348730472585,0.07141580033425608,-0.8649923,0.0696843946501588,0.2437224330911039
732,0.49622965,0.33786167333182787,0.6447240734508729,0.25341348730472585,0.5206606,0.2437224330911039,0.5935090287914371
733,0.0608294,0.8746575609454398,0.23611347237499003,0.6447240734508729,-0.95648533,0.5935090287914371,0.13176663005552042
734,0.4186671,0.42863397850412704,0.5914636594336063,0.23611347237499003,0.34641948,0.13176663005552042,0.3599550497683908
735,-0.0073963404,0.957527827502713,0.2828401203494826,0.5914636594336063,-0.7620406,0.3599550497683908,0.3627319689318164
736,0.60825825,0.15900335185455639,0.7466135451437877,0.2828401203494826,0.8009766,0.3627319689318164,0.8158170171877424
737,0.38485056,0.5228184961223452,0.2842092335952923,0.7466135451437877,-0.5309525,0.8158170171877424,0.07978355572415557
738,-0.048732936,0.9754049252319485,0.474223720712139,0.2842092335952923,-0.094812535,0.07978355572415557,0.16579872468776316
739,0.6769525,0.093795821279525,0.930523510672763,0.474223720712139,1.4978607,0.16579872468776316,0.5178619472407371
740,0.4977624,0.3323226558951589,0.11088101104412058,0.930523510672763,-1.2901621,0.5178619472407371,0.709000774149004
741,0.075419515,0.8675149923790606,0.27494460282108746,0.11088101104412058,-0.7675118,0.709000774149004,0.1556806148401974
742,0.40808457,0.44935970232593764,0.6398973236628193,0.27494460282108746,0.52122885,0.1556806148401974,0.40562635119564966
743,-0.06946713,0.9674143243192002,0.17631289012436988,0.6398973236628193,-1.1020312,0.40562635119564966,0.329836556933356
744,0.654114,0.12325077065228521,0.5469287090396348,0.17631289012436988,0.15048555,0.329836556933356,0.8028639448344609
745,0.34700224,0.4224890285494426,0.7037387416842683,0.5469287090396348,0.44689932,0.8028639448344609,0.08857684144864858
746,-0.028636217,0.9539510136600794,0.027959448080537994,0.7037387416842683,-1.485173,0.08857684144864858,0.18399858437034974
747,0.6142963,0.1717499216470823,0.10148238937826896,0.027959448080537994,-1.3176157,0.18399858437034974,0.5390854348679343
748,0.32447812,0.5561711182388678,0.2927754586722767,0.10148238937826896,-0.6123733,0.5390854348679343,0.5039589326114015
749,-0.054135025,0.9651046133319076,0.48219530699230057,0.2927754586722767,-0.066439174,0.5039589326114015,0.21733619249908895
750,0.63815916,0.13167181005890438,0.909404646450243,0.48219530699230057,1.3971257,0.21733619249908895,0.6220127441131931
751,0.42231113,0.4470201555241973,0.1560213814204714,0.909404646450243,-1.2699745,0.6220127441131931,0.4857250996070063
752,-0.011149108,0.9664665033331103,0.340843599879747,0.1560213814204714,-0.5351736,0.4857250996070063,0.24315821187247652
753,0.63742745,0.1267115043280443,0.8347907949879597,0.340843599879747,1.0880195,0.24315821187247652,0.6731899401912916
754,0.44223326,0.4326375245755098,0.11658213157997456,0.8347907949879597,-1.1229848,0.6731899401912916,0.40580210876039563
755,-0.046777368,0.9596993328870647,0.2737477701948671,0.11658213157997456,-0.79563516,0.40580210876039563,0.334609573557337
756,0.6257962,0.15121602836325368,0.7349484020273699,0.2737477701948671,0.7564505,0.334609573557337,0.7935460293288384
757,0.39164466,0.5018170305227969,0.33183171860899596,0.7349484020273699,-0.44667414,0.7935460293288384,0.01781798609735171
758,-0.022665843,0.9774277667241431,0.49058081863505715,0.33183171860899596,-0.06756707,0.01781798609735171,0.041299837867728034
759,0.6194093,0.08626002929479633,0.9353517679086256,0.49058081863505715,1.331241,0.041299837867728034,0.14964416773056113
760,0.499155,0.30816451152280655,0.10253407872916102,0.9353517679086256,-1.2989656,0.14964416773056113,0.4265748793595633
761,0.1065003,0.8335580663706682,0.2617404663659167,0.10253407872916102,-0.7955298,0.4265748793595633,0.4013813959658975
762,0.29966968,0.5424366313043207,0.5939757142584726,0.2617404663659167,0.31004372,0.4013813959658975,0.6005690069505487
763,-0.033591986,0.9703997099258973,0.2691139392091186,0.5939757142584726,-0.7796745,0.6005690069505487,0.026538529946567604
764,0.58914125,0.11230446523595007,0.7398117626436683,0.2691139392091186,0.6969653,0.026538529946567604,0.09661056564640487
765,0.44939905,0.3897727369127201,0.41789412271004006,0.7398117626436683,-0.31992212,0.09661056564640487,0.2831207449588632
766,0.0266532,0.9299368647402202,0.49948069434980336,0.41789412271004006,-0.024896137,0.2831207449588632,0.38284048507529317
767,0.5456975,0.25473782197664174,0.8352487565424899,0.49948069434980336,1.1298802,0.38284048507529317,0.7733841676767663
768,0.21617994,0.7422546239453457,0.1907716809168222,0.8352487565424899,-1.1835575,0.7733841676767663,0.2131137667503511
769,0.14747283,0.7479872476096869,0.4399224143247806,0.1907716809168222,-0.1770651,0.2131137667503511,0.407477691597367
770,0.17334536,0.7369993593861539,0.5880012739856394,0.4399224143247806,0.29074144,0.407477691597367,0.4756230372080927
771,0.15681987,0.7578344012575523,0.4281094136780183,0.5880012739856394,-0.2751652,0.4756230372080927,0.4125533433389311
772,0.18862498,0.7175252086859247,0.6020149577226996,0.4281094136780183,0.34418055,0.4125533433389311,0.4859372638439173
773,0.13118672,0.7924415873564817,0.3804023777723076,0.6020149577226996,-0.44914714,0.4859372638439173,0.3754771351238254
774,0.24782124,0.6430696288383411,0.6399899190298434,0.3804023777723076,0.5383377,0.3754771351238254,0.5406868669943872
775,0.06548169,0.8974120603535671,0.22910004660051847,0.6399899190298434,-0.90953004,0.5406868669943872,0.21271747639974836
776,0.46891785,0.3599470416235837,0.5988451312960216,0.22910004660051847,0.34170833,0.21271747639974836,0.536496038265758
777,0.064653754,0.9007513399839453,0.30915969523702475,0.5988451312960216,-0.62314767,0.536496038265758,0.2170740585055111
778,0.4802473,0.3495263871277531,0.7143291661383269,0.30915969523702475,0.7421915,0.2170740585055111,0.5473235303854195
779,0.06827742,0.8889146232503776,0.05350590437019866,0.7143291661383269,-1.3793167,0.5473235303854195,0.20838101119004784
780,0.44393152,0.3860711436544723,0.17525185463057227,0.05350590437019866,-1.0848238,0.20838101119004784,0.5205647397274534
781,0.058772802,0.9266927986439258,0.3778110558698548,0.17525185463057227,-0.3600287,0.5205647397274534,0.22196465087333567
782,0.55982006,0.26560290883077814,0.8081869157365855,0.3778110558698548,1.0576286,0.22196465087333567,0.5846114944300526
783,0.13647035,0.7626305071659482,0.11783206510053273,0.8081869157365855,-1.2043337,0.5846114944300526,0.25289082327923185
784,0.21653587,0.707765640177774,0.3112177628933757,0.11783206510053273,-0.5985362,0.25289082327923185,0.4600458080392254
785,0.12044449,0.8086696641449845,0.547528495528865,0.3112177628933757,0.18638352,0.4600458080392254,0.3904620604296524
786,0.26305518,0.6049303646317022,0.5850524176748162,0.547528495528865,0.23039576,0.3904620604296524,0.5626796690826935
787,0.041069835,0.9343926965922181,0.31057524861822916,0.5850524176748162,-0.59589213,0.5626796690826935,0.14022150589856067
788,0.55145884,0.2396801247758797,0.7562220216269743,0.31057524861822916,0.8579598,0.14022150589856067,0.41995435934289027
789,0.19419678,0.7124899857412386,0.08954674659812012,0.7562220216269743,-1.1938435,0.41995435934289027,0.48578543057061374
790,0.1258635,0.8009070930314677,0.2366317158017347,0.08954674659812012,-0.8644127,0.48578543057061374,0.36919980664786783
791,0.25811422,0.6234309040031117,0.5377518581735573,0.2366317158017347,0.16570869,0.36919980664786783,0.5521043098184479
792,0.05263287,0.9178747051680977,0.39626800660500866,0.5377518581735573,-0.27050075,0.5521043098184479,0.17477866426707583
793,0.5085539,0.2947207695642357,0.8051807542454515,0.39626800660500866,1.0211773,0.17477866426707583,0.4846850749186516
794,0.118412614,0.8126849857085845,0.1555243977986251,0.8051807542454515,-1.2293124,0.4846850749186516,0.36150216449202904
795,0.27289182,0.5951757462670793,0.4083696074420402,0.1555243977986251,-0.30046245,0.36150216449202904,0.5675212544181644
796,0.035464674,0.9420243920839454,0.4975941556324744,0.4083696074420402,-0.00018658489,0.5675212544181644,0.12386333141309912
797,0.5678313,0.2135294879360648,0.8600511006788123,0.4975941556324744,1.189389,0.12386333141309912,0.38398605285884635
798,0.23934989,0.6565846139971806,0.1933890174775087,0.8600511006788123,-1.2245498,0.38398605285884635,0.5319916731469411
799,0.07102239,0.8815782148325018,0.41340166240399134,0.1933890174775087,-0.28001127,0.5319916731469411,0.24064205316130036
800,0.42578092,0.4081716643450403,0.7565864580382252,0.41340166240399134,0.92442185,0.24064205316130036,0.5623803400338276
801,0.027348071,0.9444718231825057,0.11911518330113781,0.7565864580382252,-1.3929415,0.5623803400338276,0.13191773373068552
802,0.5713349,0.20504671662209792,0.38483853767844645,0.11911518330113781,-0.3849058,0.13191773373068552,0.4065445559453
803,0.24165972,0.637301331662563,0.6433476517389703,0.38483853767844645,0.5216875,0.4065445559453,0.5395838033011061
804,0.0625999,0.9037351749850666,0.21697228310216393,0.6433476517389703,-0.94160086,0.5395838033011061,0.2092664672654075
805,0.48442665,0.34014117762058216,0.5826033602728486,0.21697228310216393,0.27595475,0.2092664672654075,0.5371233847086426
806,0.07242206,0.8775273028487507,0.3540910241604946,0.5826033602728486,-0.48622105,0.5371233847086426,0.23556907454668344
807,0.415238,0.420194456919991,0.7258125084928712,0.3540910241604946,0.78265876,0.23556907454668344,0.5507684841847933
808,-0.002165258,0.9525396909355823,0.033124892378087106,0.7258125084928712,-1.460308,0.5507684841847933,0.14729917995772351
809,0.6044818,0.17675188019809143,0.11936036102585623,0.033124892378087106,-1.2658849,0.14729917995772351,0.45160049898764243
810,0.27851358,0.5689121238404422,0.33414012012088995,0.11936036102585623,-0.5343918,0.45160049898764243,0.5680453043088952
811,-0.005690336,0.9588736781263493,0.49828583800792914,0.33414012012088995,-0.06787231,0.5680453043088952,0.10780092951102968
812,0.62563884,0.15418128693205843,0.8948691178866373,0.49828583800792914,1.3273914,0.10780092951102968,0.3510130978441188
813,0.33581838,0.5098698771234615,0.16876857593791772,0.8948691178866373,-1.265208,0.3510130978441188,0.6124471796436128
814,-0.03612694,0.9770598077177144,0.3580934747309272,0.16876857593791772,-0.47718367,0.6124471796436128,0.007854347572791865
815,0.4964061,0.08763318604359563,0.8692359031736737,0.3580934747309272,0.9221671,0.007854347572791865,0.029472112534335224
816,0.497618,0.31259964509347715,0.12676077112913847,0.8692359031736737,-1.1737851,0.029472112534335224,0.09769357966792885
817,0.0821712,0.8401341371774503,0.3104892443369174,0.12676077112913847,-0.65675133,0.09769357966792885,0.21688207143033802
818,0.32130533,0.525115414355492,0.6512828703371574,0.3104892443369174,0.4979941,0.21688207143033802,0.48728153616574343
819,-0.03738439,0.9749744592913732,0.144387122301065,0.6512828703371574,-1.1819543,0.48728153616574343,0.23446245740289812
820,0.6548795,0.09539532848564261,0.4708276013766795,0.144387122301065,-0.11617275,0.23446245740289812,0.668623458702212
821,0.5104891,0.3373932060241414,0.7944935877530068,0.4708276013766795,1.0889554,0.668623458702212,0.5148882381209787
822,0.07903886,0.8740627590794581,0.17766402217489777,0.7944935877530068,-1.288432,0.5148882381209787,0.27349966296694106
823,0.3895124,0.43037515317712355,0.48562794799339604,0.17766402217489777,-0.054323874,0.27349966296694106,0.5944130788985122
824,0.0020366907,0.958487634088741,0.43433717186615073,0.48562794799339604,-0.23819521,0.5944130788985122,0.05171654458057671
825,0.59992003,0.15556589758628225,0.8888316222151116,0.43433717186615073,1.2582781,0.05171654458057671,0.17965466608316216
826,0.35064736,0.513606560112628,0.15039912024860871,0.8888316222151116,-1.2498233,0.17965466608316216,0.4331040068902004
827,-0.053700626,0.9767168276802163,0.3300717768372412,0.15039912024860871,-0.57230335,0.4331040068902004,0.29920457324337585
828,0.6768071,0.08891217243030942,0.8371865084445319,0.3300717768372412,1.1155047,0.29920457324337585,0.780346903077988
829,0.499932,0.31671735742442336,0.22380607631134086,0.8371865084445319,-1.0192868,0.780346903077988,0.2844198275779781
830,0.08906397,0.8461018658349616,0.46097304585071464,0.22380607631134086,-0.14989015,0.2844198275779781,0.4205417309411551
831,0.33555847,0.5091038794394249,0.7021444314329881,0.46097304585071464,0.64165276,0.4205417309411551,0.6196300706327651
832,-0.0012180209,0.9771166316363584,0.013069310663992244,0.7021444314329881,-1.4869689,0.6196300706327651,0.02545102353652257
833,0.5968943,0.0874211985365145,0.049507771524906305,0.013069310663992244,-1.4753783,0.02545102353652257,0.09375329483190901
834,0.518877,0.3119159129687709,0.16727972877490543,0.049507771524906305,-1.112123,0.09375329483190901,0.2872446108400001
835,0.09548932,0.8391303807681157,0.38320953911684313,0.16727972877490543,-0.37754437,0.2872446108400001,0.42467768652522664
836,0.3190157,0.5277811535649326,0.6927316484908013,0.38320953911684313,0.7154384,0.42467768652522664,0.6063989289896623
837,-0.055733085,0.9744231496929311,0.04081196094792882,0.6927316484908013,-1.472913,0.6063989289896623,0.009109820375125345
838,0.52758014,0.09744174525735529,0.1496513315732334,0.04081196094792882,-1.2006874,0.009109820375125345,0.033998095118228974
839,0.4743244,0.34385131979696293,0.440904454927199,0.1496513315732334,-0.16666767,0.033998095118228974,0.1104267127975651
840,0.034586266,0.8821112367362081,0.5119233624556817,0.440904454927199,-0.037491135,0.1104267127975651,0.2323680057999254
841,0.42912132,0.4065801438080353,0.7389902437409385,0.5119233624556817,0.7862102,0.2323680057999254,0.5511616014096582
842,0.020952225,0.943319122304645,0.06406421227027935,0.7389902437409385,-1.4204104,0.5511616014096582,0.15452458200618405
843,0.58123547,0.2090478012228696,0.2205823874499472,0.06406421227027935,-0.94931763,0.15452458200618405,0.4615491255893665
844,0.2421467,0.6464668218145614,0.5092277241745155,0.2205823874499472,0.08864657,0.4615491255893665,0.5064219123992806
845,0.06754941,0.8935663739853468,0.4471650118483594,0.5092277241745155,-0.13941255,0.5064219123992806,0.2703225862569065
846,0.4485528,0.37183997277533504,0.7780651384758551,0.4471650118483594,0.93563205,0.2703225862569065,0.6156898194060804
847,0.008426666,0.9132228518533368,0.1596310518419874,0.7780651384758551,-1.3913718,0.6156898194060804,0.04591382993259756
848,0.54428995,0.3098364748801012,0.4704482743835413,0.1596310518419874,-0.04580065,0.04591382993259756,0.1494335842514843
849,0.11560261,0.8360551862716585,0.5170524474500379,0.4704482743835413,0.08612312,0.1494335842514843,0.30238947914996395
850,0.33085358,0.5358990991889865,0.6568424147828494,0.5170524474500379,0.5163709,0.30238947914996395,0.5729102928670977
851,-0.037605435,0.9724019868033286,0.13321946252256045,0.6568424147828494,-1.2209809,0.5729102928670977,0.08564230267963763
852,0.64847463,0.10492381055145837,0.4387760072753349,0.13321946252256045,-0.23114058,0.08564230267963763,0.29291755354777205
853,0.4343654,0.367184599806158,0.7803985046615591,0.4387760072753349,0.90714484,0.29291755354777205,0.6433428344474278
854,0.057941616,0.908472732771002,0.16290483564537667,0.7803985046615591,-1.3295362,0.6433428344474278,0.016979668033572176
855,0.50143766,0.32509687250192854,0.47505284352421623,0.16290483564537667,-0.05925318,0.016979668033572176,0.05678271352594472
856,0.062154785,0.8578367177676672,0.5012480740643986,0.47505284352421623,-0.059580974,0.05678271352594472,0.13359015989168613
857,0.39371222,0.47680683483805264,0.7030392760806501,0.5012480740643986,0.73537797,0.13359015989168613,0.35388926962794504
858,-0.07311532,0.9753375242660535,0.012084923210912615,0.7030392760806501,-1.4859608,0.35388926962794504,0.3551513436723429
859,0.68250513,0.09404636262447093,0.045731017783430944,0.012084923210912615,-1.4693944,0.3551513436723429,0.8455008617168904
860,0.46227625,0.33311821093589794,0.15405268122439644,0.045731017783430944,-1.1620104,0.8455008617168904,0.0704462970312052
861,0.04430586,0.8685556156202908,0.35558101126016267,0.15405268122439644,-0.509535,0.0704462970312052,0.1607779662654145
862,0.40861216,0.4463649328594208,0.7157697579618425,0.35558101126016267,0.77701473,0.1607779662654145,0.41644954760897324
863,-0.047509402,0.9661933809696119,0.015883302510064673,0.7157697579618425,-1.4716207,0.41644954760897324,0.3217636917108769
864,0.6489251,0.1277074392440398,0.05923428031727437,0.015883302510064673,-1.4363425,0.3217636917108769,0.7911485997183114
865,0.30338737,0.4355407196775223,0.18921021331095808,0.05923428031727437,-1.051985,0.7911485997183114,0.10742910522571575
866,-0.023634434,0.9611956157893277,0.38976653459561433,0.18921021331095808,-0.4094753,0.10742910522571575,0.21399920648497497
867,0.6299976,0.14582869061948125,0.8706103027691874,0.38976653459561433,1.1807369,0.21399920648497497,0.6105110363435077
868,0.39184743,0.48701053429472213,0.05737480157376069,0.8706103027691874,-1.2043307,0.6105110363435077,0.465985868127649
869,-0.037231386,0.9767809957174688,0.14695760895116186,0.05737480157376069,-1.1866479,0.465985868127649,0.2618011100597447
870,0.65370286,0.08867295718138325,0.47888873328282927,0.14695760895116186,-0.090039216,0.2618011100597447,0.7212853147917848
871,0.5185956,0.3159481734735418,0.8050228681325791,0.47888873328282927,1.10721,0.7212853147917848,0.4307797360023908
872,0.09780258,0.8449971710704134,0.18576268092219206,0.8050228681325791,-1.2541347,0.4307797360023908,0.3905085771132132
873,0.32189196,0.5120888014100199,0.4838770323278084,0.18576268092219206,-0.05803152,0.3905085771132132,0.6195320091172047
874,-0.0012497902,0.9768693059176987,0.4255904667986507,0.4838770323278084,-0.23848975,0.6195320091172047,0.024968520762519843
875,0.5950212,0.08834368850409374,0.9194523650951029,0.4255904667986507,1.2231183,0.024968520762519843,0.09198702273216863
876,0.516734,0.31488869565312944,0.05046234168113958,0.9194523650951029,-1.264122,0.09198702273216863,0.2820411914609433
877,0.08989954,0.8434679840992552,0.138585490283873,0.05046234168113958,-1.1833723,0.2820411914609433,0.4208198595020961
878,0.3290609,0.5162049680897614,0.38609436902852373,0.138585490283873,-0.36334273,0.4208198595020961,0.6148947161190629
879,-0.006807357,0.9764139676373855,0.48865724061095234,0.38609436902852373,-0.082505964,0.6148947161190629,0.01316330096826312
880,0.5568617,0.09004078499323466,0.9332051507333579,0.48865724061095234,1.1848061,0.01316330096826312,0.04906938203527593
881,0.5372226,0.32034031559991555,0.10784079399047164,0.9332051507333579,-1.2848341,0.04906938203527593,0.15828846134241176
882,0.10347679,0.8512429100489497,0.27077449783211555,0.10784079399047164,-0.7631199,0.15828846134241176,0.3110427397741698
883,0.35596365,0.49508706610458814,0.6199976904467038,0.27077449783211555,0.4265869,0.3110427397741698,0.5986599988992981
884,-0.050014794,0.9773463055689471,0.21219386796855233,0.6199976904467038,-0.96234137,0.5986599988992981,0.02441308285703683
885,0.59401685,0.0865641189039972,0.637420137969157,0.21219386796855233,0.33355382,0.02441308285703683,0.09006201644843329
886,0.51985,0.30914795595733285,0.6781968593300496,0.637420137969157,0.48822692,0.09006201644843329,0.2776294460118191
887,0.09942812,0.8350295130855675,0.19065203766712788,0.6781968593300496,-1.0776005,0.2776294460118191,0.42271330048446915
888,0.3086697,0.5385902419572655,0.4869606037072537,0.19065203766712788,-0.037272535,0.42271330048446915,0.5996840619312226
889,-0.03570947,0.9716182300963718,0.4254066048216472,0.4869606037072537,-0.24690548,0.5996840619312226,0.02743407145608084
890,0.59345794,0.1078165742881058,0.9095644432156542,0.4254066048216472,1.2199273,0.02743407145608084,0.0999674445022745
891,0.46266752,0.3760885216096591,0.08030413476578453,0.9095644432156542,-1.2596195,0.0999674445022745,0.29378783470369846
892,0.038113266,0.9174099656968331,0.2040673379945266,0.08030413476578453,-1.0019803,0.29378783470369846,0.39074967620163836
893,0.52090585,0.29623849939421776,0.5689333600150718,0.2040673379945266,0.22210792,0.39074967620163836,0.7518143067254941
894,0.16504833,0.8151122184680631,0.4184542314936229,0.5689333600150718,-0.117042385,0.7518143067254941,0.2294921228989643
895,0.28476647,0.5892180109994604,0.6678798644091312,0.4184542314936229,0.584863,0.2294921228989643,0.48119738944045726
896,0.03632328,0.94631953693035,0.12699745026227466,0.6678798644091312,-1.191318,0.48119738944045726,0.26463677840844324
897,0.5887999,0.19861153089905012,0.40732429174948986,0.12699745026227466,-0.30215475,0.26463677840844324,0.6805302690369324
898,0.08498925,0.6222973438823015,0.6520529401679528,0.40732429174948986,0.12385664,0.6805302690369324,0.18823338066208029
899,0.035970926,0.9189637607415627,0.18578015964788008,0.6520529401679528,-1.0812569,0.18823338066208029,0.3277962836250659
900,0.49515378,0.2911575541721306,0.5324619311274731,0.18578015964788008,0.08330635,0.3277962836250659,0.7142060394817495
901,0.13541776,0.8069157213699565,0.4733642677450214,0.5324619311274731,-0.039586656,0.7142060394817495,0.10352556495665768
902,0.27019835,0.609151741438182,0.6418687504155463,0.4733642677450214,0.4632593,0.10352556495665768,0.26496236285845837
903,0.019417226,0.9308593610069271,0.19962180153478387,0.6418687504155463,-1.0585951,0.26496236285845837,0.37676601700809853
904,0.54552007,0.25163315251034124,0.5705713766281943,0.19962180153478387,0.21328095,0.37676601700809853,0.7719201927652638
905,0.2048912,0.7362626977133622,0.46919214904108,0.5705713766281943,-0.01101651,0.7719201927652638,0.20102637233991108
906,0.124498725,0.7591974775399021,0.560652777595123,0.46919214904108,0.11171136,0.20102637233991108,0.3903587818224643
907,0.19838202,0.714769788208848,0.49721684097212715,0.560652777595123,0.016686894,0.3903587818224643,0.4954486227403261
908,0.12864903,0.7970987187389922,0.516904592802672,0.49721684097212715,0.045565225,0.4954486227403261,0.36073279607300035
909,0.25492388,0.6323351147155344,0.5979899147745816,0.516904592802672,0.32310215,0.36073279607300035,0.5463801405359748
910,0.05852908,0.9089706330041736,0.3049206200416838,0.5979899147745816,-0.6352101,0.5463801405359748,0.1928577951073194
911,0.48458883,0.3235055785860751,0.7190168165528666,0.3049206200416838,0.7355731,0.1928577951073194,0.512445391554749
912,0.09108737,0.8556504692437071,0.06885928576139462,0.7190168165528666,-1.3308151,0.512445391554749,0.29190653850206266
913,0.36349356,0.4829055184944465,0.21348366395233276,0.06885928576139462,-0.9407641,0.29190653850206266,0.5893053294137953
914,-0.04428354,0.9762981592652908,0.4155223652916802,0.21348366395233276,-0.32907507,0.5893053294137953,0.04661331222434101
915,0.6225929,0.09047215708984972,0.9131506648258564,0.4155223652916802,1.2384132,0.04661331222434101,0.167617852925616
916,0.4897926,0.32172243176849064,0.03480830077968708,0.9131506648258564,-1.2592674,0.167617852925616,0.46243522179485846
917,0.09131339,0.8531771121334624,0.09734331106238933,0.03480830077968708,-1.3454995,0.46243522179485846,0.35588122425107394
918,0.34705067,0.4897600508822194,0.2900700991053356,0.09734331106238933,-0.64838046,0.35588122425107394,0.625372124136155
919,0.0024232268,0.9770307109372203,0.4767417403776505,0.2900700991053356,-0.071454965,0.625372124136155,0.03968100325892669
920,0.6173067,0.08774172481889701,0.934145144279412,0.4767417403776505,1.3601131,0.03968100325892669,0.14393818831714597
921,0.4958174,0.31294958370157433,0.1032449236354201,0.934145144279412,-1.2975551,0.14393818831714597,0.41244930748176933
922,0.10100824,0.8406464520793542,0.26239996644658714,0.1032449236354201,-0.7956247,0.41244930748176933,0.40634669133250767
923,0.3180531,0.5237517906197576,0.6005896823667978,0.26239996644658714,0.34085956,0.40634669133250767,0.6119948809171367
924,-0.048177898,0.9752349921177473,0.25301249150424904,0.6005896823667978,-0.8261026,0.6119948809171367,0.00501196592473079
925,0.40281713,0.09442742468338489,0.7169616903053342,0.25301249150424904,0.4426904,0.00501196592473079,0.018809005569800804
926,0.49705717,0.33432727318448197,0.5166076383109729,0.7169616903053342,-0.019311808,0.018809005569800804,0.062493144908014914
927,0.049389616,0.8701276495302511,0.45293600869923506,0.5166076383109729,-0.20478931,0.062493144908014914,0.14442118887794053
928,0.41370314,0.4418247790161987,0.7403032911535273,0.45293600869923506,0.84239113,0.14442118887794053,0.3843716317044445
929,-0.0361495,0.9642086450256965,0.08630411570393494,0.7403032911535273,-1.4439849,0.3843716317044445,0.3465153052566066
930,0.6404712,0.1349272162089972,0.29715633645096284,0.08630411570393494,-0.71177834,0.3465153052566066,0.814458397418374
931,0.44586086,0.45635478450589434,0.6631079082838965,0.29715633645096284,0.6504982,0.814458397418374,0.009578387379211465
932,0.111635745,0.9699929493218772,0.11999772854277638,0.6631079082838965,-0.9356714,0.009578387379211465,0.022622587049660994
933,0.5779128,0.1138000068881341,0.400224459737574,0.11999772854277638,-0.37506816,0.022622587049660994,0.08264927044985926
934,0.4406786,0.3942978688801067,0.7598334375521753,0.400224459737574,0.9326337,0.08264927044985926,0.246144043172041
935,0.012636751,0.9337571290803239,0.119723965338768,0.7598334375521753,-1.4068747,0.246144043172041,0.3670486148582059
936,0.54742694,0.24183740603620574,0.381307603488314,0.119723965338768,-0.38164875,0.3670486148582059,0.7716333574383832
937,0.19821382,0.7168631042511314,0.6068670812559723,0.381307603488314,0.41412678,0.7716333574383832,0.17660864415870808
938,0.12369254,0.7935660758818674,0.3710504646045946,0.6068670812559723,-0.50531316,0.17660864415870808,0.35033188140091065
939,0.2518789,0.6404932559367493,0.6390695243703837,0.3710504646045946,0.5511198,0.35033188140091065,0.540430039311171
940,0.064130455,0.9002683911843933,0.2289305693362581,0.6390695243703837,-0.9070549,0.540430039311171,0.2107398178134732
941,0.47575897,0.3510388847619501,0.6009674879528971,0.2289305693362581,0.34613565,0.2107398178134732,0.5360861744842792
942,0.07122329,0.8906853325617569,0.3123820034930151,0.6009674879528971,-0.61866784,0.5360861744842792,0.22623216345708735
943,0.45393997,0.38067393167041513,0.7062957984857252,0.3123820034930151,0.7112662,0.22623216345708735,0.55124106327527
944,0.050913602,0.9217706956516863,0.0478259449517957,0.7062957984857252,-1.3923663,0.55124106327527,0.17300305155872966
945,0.5173743,0.2819309564088827,0.16361059822117963,0.0478259449517957,-1.1298544,0.17300305155872966,0.48443536545236576
946,0.13164298,0.7915153983573572,0.3863864749252836,0.16361059822117963,-0.3702452,0.48443536545236576,0.37787275308167806
947,0.24632174,0.6451842417302531,0.6399740817225842,0.3863864749252836,0.532899,0.37787275308167806,0.5393344250619369
948,0.06691626,0.8950288826763848,0.2309384849993054,0.6399740817225842,-0.9051874,0.5393344250619369,0.21706080240685716
949,0.46412042,0.3673307362602006,0.5999594731607542,0.2309384849993054,0.34970155,0.21706080240685716,0.54124079939752
950,0.059856147,0.9086244197852021,0.30151131206350884,0.5999594731607542,-0.6451214,0.54124079939752,0.2022430958168246
951,0.49255592,0.3246122846764454,0.7146360185518994,0.30151131206350884,0.73724467,0.2022430958168246,0.5295905632169527
952,0.08769572,0.857173048538185,0.07949700272482252,0.7146360185518994,-1.318332,0.5295905632169527,0.26481018449804145
953,0.35876477,0.4786621344569059,0.24352820087106464,0.07949700272482252,-0.8313033,0.26481018449804145,0.5644964934587776
954,-0.049741656,0.9756605426215613,0.4453344228830886,0.24352820087106464,-0.22955939,0.5644964934587776,0.10012080141697041
955,0.66864944,0.0928453232785971,0.9250662938958754,0.4453344228830886,1.4075502,0.10012080141697041,0.3386507820620959
956,0.4809383,0.32930003412263853,0.08701757343030844,0.9250662938958754,-1.2842398,0.3386507820620959,0.7031877568665662
957,0.08262634,0.86351613938381,0.22437143968553255,0.08701757343030844,-0.9188232,0.7031877568665662,0.13396863843136633
958,0.402085,0.4607890570131658,0.5639038044186867,0.22437143968553255,0.25725845,0.13396863843136633,0.35805830994641236
959,-0.05734563,0.9714294226682713,0.32166703482820735,0.5639038044186867,-0.56857836,0.35805830994641236,0.35567726570424857
960,0.66658115,0.10851272474734465,0.8190709474723036,0.32166703482820735,1.0729486,0.35567726570424857,0.8379504839066577
961,0.47483903,0.3782215032792484,0.21787909116560775,0.8190709474723036,-0.9251656,0.8379504839066577,0.035352069429612935
962,-0.110099375,0.9194588854937115,0.4349507229613808,0.21787909116560775,-0.3145164,0.035352069429612935,0.08272519388755059
963,0.5262029,0.28953451860347307,0.8201069944356641,0.4349507229613808,1.136384,0.08272519388755059,0.25993662764133263
964,0.13046688,0.804254925795124,0.19849652822256159,0.8201069944356641,-1.1980851,0.25993662764133263,0.42635011378974425
965,0.24594183,0.6155097981421301,0.48279616042961965,0.19849652822256159,-0.040172778,0.42635011378974425,0.547335128182203
966,0.050192893,0.9252746137090044,0.45616342193840814,0.48279616042961965,-0.11051058,0.547335128182203,0.1771512151857178
967,0.5258616,0.27032686925017096,0.8323137265154422,0.45616342193840814,1.1345111,0.1771512151857178,0.4963935976167388
968,0.14525858,0.7712016819451397,0.20896892805909636,0.8323137265154422,-1.1967134,0.4963935976167388,0.37974145025138895
969,0.22440022,0.689876251183791,0.4812560723462465,0.20896892805909636,0.010201611,0.37974145025138895,0.5126045700225137
970,0.10332498,0.8364820366570405,0.5081789076574057,0.4812560723462465,0.026043303,0.5126045700225137,0.3070863797408056
971,0.33129162,0.534776712769518,0.6640250524127156,0.5081789076574057,0.55036587,0.3070863797408056,0.5766947826980445
972,-0.03707826,0.9727121309641038,0.1156264905746996,0.6640250524127156,-1.2714008,0.5766947826980445,0.07737095404712309
973,0.63949925,0.10377777455566273,0.3890089470968968,0.1156264905746996,-0.41211793,0.07737095404712309,0.2672755840497674
974,0.45994902,0.36363900621697165,0.7698518766167186,0.3890089470968968,0.93792135,0.2672755840497674,0.6153802005885601
975,0.015024483,0.9047412939683597,0.12529030529481497,0.7698518766167186,-1.3927344,0.6153802005885601,0.05482288260011121
976,0.52310145,0.33696088467057245,0.382187877084932,0.12529030529481497,-0.32775685,0.05482288260011121,0.174182578245134
977,0.07909173,0.873512328297361,0.5361212836961068,0.382187877084932,0.116225936,0.174182578245134,0.3253382656102694
978,0.39624348,0.43198397494074614,0.7066574939762188,0.5361212836961068,0.6126333,0.3253382656102694,0.6401357328427113
979,0.014542162,0.9593534104955603,0.015426729995672218,0.7066574939762188,-1.4644966,0.6401357328427113,0.05992401281901883
980,0.60046476,0.15245902372944464,0.05710765920455442,0.015426729995672218,-1.4502463,0.05992401281901883,0.2065297864417465
981,0.3404071,0.5052010422864428,0.1781902968239925,0.05710765920455442,-1.0670433,0.2065297864417465,0.4788547684804668
982,-0.040554196,0.977334912827726,0.37140670628766415,0.1781902968239925,-0.44597635,0.4788547684804668,0.24445542097727507
983,0.65871036,0.08660664318806048,0.8825065990383986,0.37140670628766415,1.1853731,0.24445542097727507,0.6909126574945337
984,0.52939445,0.30928542447043006,0.08597704681236401,0.8825065990383986,-1.1906002,0.6909126574945337,0.502131336651783
985,0.10442209,0.8352345934161528,0.22491755629850332,0.08597704681236401,-0.9066865,0.502131336651783,0.32241242139806137
986,0.32721823,0.5380528138563826,0.5442354049007602,0.22491755629850332,0.20036653,0.32241242139806137,0.584447324579737
987,-0.032984257,0.971779273737839,0.3524296044036293,0.5442354049007602,-0.42933428,0.584447324579737,0.06150222232671542
988,0.62151563,0.10722257119831018,0.8551915095709373,0.3524296044036293,1.0952615,0.06150222232671542,0.21595160178644962
989,0.45746255,0.3742655197887344,0.10968893803472975,0.8551915095709373,-1.1577134,0.21595160178644962,0.5370655807731076
990,0.057287335,0.9156306129977727,0.26626116373714154,0.10968893803472975,-0.7911975,0.5370655807731076,0.20357339581996645
991,0.51283646,0.30203383509031545,0.6752065636528627,0.26626116373714154,0.61697704,0.20357339581996645,0.5392204532485957
992,0.10769206,0.8242147195197653,0.2064105547310291,0.6752065636528627,-1.0322334,0.5392204532485957,0.27713752591541646
993,0.31252295,0.5664652481257237,0.5075790473321594,0.2064105547310291,0.069068946,0.27713752591541646,0.539220295416161
994,-0.032726258,0.9601687932914086,0.40902744415466835,0.5075790473321594,-0.30317697,0.539220295416161,0.16217275294087338
995,0.6348009,0.14952762993872692,0.8807789349375984,0.40902744415466835,1.2389126,0.16217275294087338,0.4946680032074406
996,0.3557812,0.49720107355863646,0.10397738389144408,0.8807789349375984,-1.2331713,0.4946680032074406,0.5943235778704568
997,-0.04740998,0.977410046157499,0.24713985745659342,0.10397738389144408,-0.87887806,0.5943235778704568,0.03428103182629937
998,0.61638707,0.08632618352398123,0.7084115314884776,0.24713985745659342,0.57713765,0.03428103182629937,0.12515228406194515
