,cc_pred,cc_test,x_test,x_past_test,x_pred,Y_1_test,Y_2_test
0,0.10847304,0.8420634702607471,0.31011957055216793,0.6206614601013649,-0.57701457,0.05612832605840291,0.1335829991286955
1,0.32018054,0.5199694378091922,0.6528472542753188,0.31011957055216793,0.5438019,0.1335829991286955,0.3448320172234873
2,0.0040073916,0.975881546100695,0.14000639406522505,0.6528472542753188,-1.1764474,0.3448320172234873,0.3580123883422864
3,0.6455666,0.09202312320271924,0.45951948870335013,0.14000639406522505,-0.104211695,0.3580123883422864,0.8494322388376542
4,0.43557298,0.3266797063705127,0.8017245661155663,0.45951948870335013,0.97961605,0.8494322388376542,0.06625812712427133
5,0.09229944,0.859991700088076,0.18879523835883974,0.8017245661155663,-1.2174584,0.06625812712427133,0.1531972108876412
6,0.35321784,0.4707587933991955,0.49874890955692147,0.18879523835883974,0.029811732,0.1531972108876412,0.39550634108667726
7,-0.00038835406,0.9740976397794526,0.4110593091237959,0.49874890955692147,-0.29204434,0.39550634108667726,0.33315428728999447
8,0.6552284,0.09864889590817434,0.9066005754217519,0.4110593091237959,1.3579379,0.33315428728999447,0.8194597556359717
9,0.33564025,0.3476455087617347,0.038944255075196825,0.9066005754217519,-1.2774304,0.8194597556359717,0.13327081023109702
10,0.06277493,0.8866876895480282,0.10673086917496982,0.038944255075196825,-1.3023616,0.13327081023109702,0.2675458328493842
11,0.39972222,0.3928241441639905,0.32633153983406626,0.10673086917496982,-0.5472275,0.2675458328493842,0.6034737170968737
12,-0.05951059,0.9325305444426807,0.5068579114218846,0.32633153983406626,-0.02702082,0.6034737170968737,0.05563311404762718
13,0.55604315,0.24599182273275777,0.8380852026792709,0.5068579114218846,1.2093029,0.05563311404762718,0.18451671161335223
14,0.17409183,0.7251821831744297,0.1838675678498089,0.8380852026792709,-1.1097926,0.18451671161335223,0.3800858282206409
15,0.12059954,0.7791882768602626,0.4222206899952373,0.1838675678498089,-0.252025,0.3800858282206409,0.45932106321579014
16,0.20230666,0.672689944452681,0.6259308250439595,0.4222206899952373,0.44146985,0.45932106321579014,0.4891005506842049
17,0.07474487,0.8608444477521723,0.2858414800851589,0.6259308250439595,-0.7374011,0.4891005506842049,0.3193894100399667
18,0.34418482,0.4683554961206143,0.6465537202510288,0.2858414800851589,0.5148667,0.3193894100399667,0.6176622972318938
19,-0.012926415,0.9735255380350082,0.15650327224550106,0.6465537202510288,-1.1457895,0.6176622972318938,0.017126637515201205
20,0.6186113,0.1007685224333554,0.501865195785782,0.15650327224550106,0.003895633,0.017126637515201205,0.06328942467417285
21,0.44404626,0.3542801261360504,0.7754230874454269,0.501865195785782,0.9588883,0.06328942467417285,0.1972626049362333
22,0.051197886,0.8944196728665221,0.13376352359874957,0.7754230874454269,-1.3172717,0.1972626049362333,0.34412983491016014
23,0.4329939,0.36921109676883973,0.39846270722034377,0.13376352359874957,-0.31723368,0.34412983491016014,0.6856335837597297
24,0.049767755,0.9105613018894875,0.5159179649952509,0.39846270722034377,0.07328402,0.6856335837597297,0.134021705109065
25,0.46436107,0.3184087964882847,0.7904401917790534,0.5159179649952509,0.988485,0.134021705109065,0.3880971235595515
26,0.078772336,0.8485148223206477,0.14023639211830802,0.7904401917790534,-1.2565267,0.3880971235595515,0.41461915183517006
27,0.31776768,0.5025508049866992,0.39204589706257215,0.14023639211830802,-0.3398801,0.41461915183517006,0.6247919587198411
28,-0.012830541,0.9774152359106053,0.4865252201603714,0.39204589706257215,-0.047433026,0.6247919587198411,0.03859982038640553
29,0.66141206,0.08630680944765022,0.9353725642063444,0.4865252201603714,1.4750268,0.03859982038640553,0.14026680222523044
30,0.46765655,0.30831584846612076,0.10278050824236777,0.9353725642063444,-1.363396,0.14026680222523044,0.40496735355982044
31,0.086801894,0.833784991695637,0.26224207163619484,0.10278050824236777,-0.7751812,0.40496735355982044,0.4152120726686001
32,0.28806895,0.5418445484125706,0.5947790169793137,0.26224207163619484,0.35326374,0.4152120726686001,0.5991343440341756
33,-0.05318007,0.9705948127327365,0.26745669015370843,0.5947790169793137,-0.7853761,0.5991343440341756,0.029661753810923924
34,0.6366378,0.11158666927204158,0.7372306928485908,0.26745669015370843,0.78659,0.029661753810923924,0.10765050260676759
35,0.40496045,0.3875946557674134,0.4258386088289062,0.7372306928485908,-0.29438746,0.10765050260676759,0.31118198185130724
36,0.027851574,0.928040974341684,0.49659165017604373,0.4258386088289062,0.0067307875,0.31118198185130724,0.3874756862841607
37,0.50485486,0.2610975668919927,0.8323387102476627,0.49659165017604373,1.1044616,0.3874756862841607,0.7718419309546265
38,0.19534525,0.7542934222494809,0.19240961225009137,0.8323387102476627,-1.1041754,0.7718419309546265,0.22259389476607322
39,0.15889478,0.724615304800918,0.4477763823001667,0.19240961225009137,-0.16312063,0.22259389476607322,0.42548925308887753
40,0.12529954,0.7801851899850148,0.5617572843160872,0.4477763823001667,0.23894441,0.42548925308887753,0.43778452763507736
41,0.19955784,0.6705096779864383,0.5251611056266274,0.5617572843160872,0.07975497,0.43778452763507736,0.5046289582436458
42,0.07424747,0.863769992704691,0.4466728404862632,0.5251611056266274,-0.15666795,0.5046289582436458,0.2964927060755133
43,0.3556345,0.46006722098483804,0.7314585808744859,0.4466728404862632,0.79341954,0.2964927060755133,0.6038519568861361
44,-0.04018815,0.9712060626561565,0.06581788672369468,0.7314585808744859,-1.4681085,0.6038519568861361,0.01814784024488388
45,0.6189857,0.109335913841769,0.2339286665537437,0.06581788672369468,-0.8901042,0.01814784024488388,0.06674667168414924
46,0.42727506,0.3807388371133681,0.6012593624259804,0.2339286665537437,0.3633598,0.06674667168414924,0.2043640360171232
47,0.03343705,0.92183124071177,0.28968963910537415,0.6012593624259804,-0.70834243,0.2043640360171232,0.34204358278137803
48,0.50012296,0.2817312616431586,0.7148142669128307,0.28968963910537415,0.7597574,0.34204358278137803,0.7311988432288563
49,0.14507152,0.7911747236431071,0.13482010139405934,0.7148142669128307,-1.094117,0.7311988432288563,0.13665212668985063
50,0.22045982,0.6459603600865728,0.35691239007482267,0.13482010139405934,-0.44314563,0.13665212668985063,0.32411044371677583
51,0.04933551,0.8941454222581785,0.5275250864637755,0.35691239007482267,0.09063708,0.32411044371677583,0.40437409947098046
52,0.40908122,0.3700566394765449,0.7518510542623736,0.5275250864637755,0.8399348,0.40437409947098046,0.7096167370736095
53,0.10638336,0.9114232492077794,0.07493866805303356,0.7518510542623736,-1.3225832,0.7096167370736095,0.20639221593412413
54,0.4713626,0.3156387007627012,0.24536263282780293,0.07493866805303356,-0.8194076,0.20639221593412413,0.5400025009157874
55,0.08886474,0.8445514041336296,0.4849676517776906,0.24536263282780293,-0.029562123,0.5400025009157874,0.2586618021440383
56,0.30961835,0.5132905762779497,0.6904071267492932,0.4849676517776906,0.65479463,0.2586618021440383,0.5435783871424429
57,0.0034209192,0.9767500569891634,0.045102698810618916,0.6904071267492932,-1.4447123,0.5435783871424429,0.14006110106236963
58,0.6591693,0.08878829924005653,0.16508343395886452,0.045102698810618916,-1.1002518,0.14006110106236963,0.45270494028837327
59,0.47388697,0.3163191056101889,0.4817019336525523,0.16508343395886452,-0.04780782,0.45270494028837327,0.7468005508146559
60,0.1977494,0.8455304778878674,0.502646958040927,0.4817019336525523,0.3682685,0.7468005508146559,0.2489063331171348
61,0.30736792,0.5106489800664998,0.6821067000467412,0.502646958040927,0.63356835,0.2489063331171348,0.5336282453122997
62,0.00030213594,0.9769973050703357,0.0666855534879296,0.6821067000467412,-1.3967365,0.5336282453122997,0.15810725666923506
63,0.67542714,0.08786632947580561,0.23847795094156346,0.0666855534879296,-0.8653356,0.15810725666923506,0.5000760219798079
64,0.47451,0.3133512065508806,0.6276843593302209,0.23847795094156346,0.44997346,0.5000760219798079,0.7343988064181682
65,0.10443444,0.8412332532769138,0.29686350516848836,0.6276843593302209,-0.64045376,0.7343988064181682,0.20411604483185183
66,0.29445732,0.5221873857634908,0.6396792359063935,0.29686350516848836,0.46276772,0.20411604483185183,0.46975260611852065
67,-0.0054552406,0.975515976873804,0.17067248846262995,0.6396792359063935,-1.0970634,0.46975260611852065,0.25791209217635713
68,0.65855956,0.09338294514829391,0.5392578254952352,0.17067248846262995,0.14707148,0.25791209217635713,0.7125981196754285
69,0.45696235,0.33101056109003485,0.7685328296035818,0.5392578254952352,0.93328583,0.7125981196754285,0.433029113061095
70,0.07082762,0.8657878987414444,0.08566568247737205,0.7685328296035818,-1.3156251,0.433029113061095,0.3746101957814571
71,0.34347653,0.45431134937318035,0.26280901730808265,0.08566568247737205,-0.74557745,0.3746101957814571,0.6516018592774105
72,0.0008352548,0.9692792301145259,0.4625965769038629,0.26280901730808265,-0.12768269,0.6516018592774105,0.10043194765818424
73,0.63283134,0.116421020296287,0.9165362615479731,0.4625965769038629,1.4181808,0.10043194765818424,0.33586753604461517
74,0.4005218,0.4021862100504114,0.1344100021899607,0.9165362615479731,-1.3117969,0.33586753604461517,0.6626832470411992
75,0.02438885,0.9400338739236792,0.3092878175641159,0.1344100021899607,-0.62931955,0.6626832470411992,0.10053755045376417
76,0.55938655,0.22039406551514093,0.7617133104763408,0.3092878175641159,0.92507327,0.10053755045376417,0.3197861503089079
77,0.21050759,0.6717774658025489,0.11038767916833811,0.7617133104763408,-1.1338805,0.3197861503089079,0.5159169608947163
78,0.07548238,0.8620733610704026,0.27464661000920654,0.11038767916833811,-0.72350705,0.5159169608947163,0.2816656104035965
79,0.35089976,0.4648820499441258,0.6344835530150875,0.27464661000920654,0.49421084,0.2816656104035965,0.5879009083420615
80,-0.066888645,0.9726188805234113,0.18445913273322556,0.6344835530150875,-1.0602366,0.5879009083420615,0.05313141210965802
81,0.6669114,0.10412243004281395,0.5704474162852212,0.18445913273322556,0.25466597,0.05313141210965802,0.18856131937005047
82,0.4375919,0.36470637745866935,0.7200910549886207,0.5704474162852212,0.7478328,0.18856131937005047,0.49202207604266673
83,0.046562828,0.9058749543932451,0.023130617365731847,0.7200910549886207,-1.4524282,0.49202207604266673,0.28091607718248446
84,0.452685,0.3333679552182054,0.07997383731826195,0.023130617365731847,-1.3690509,0.28091607718248446,0.6450989792375013
85,0.04454796,0.8688812721616034,0.20792305792958726,0.07997383731826195,-0.97816885,0.6450989792375013,0.018585448661490565
86,0.47968102,0.4454259988650218,0.539828536558701,0.20792305792958726,0.28351128,0.018585448661490565,0.058528570243932106
87,-0.03514178,0.9657961444942095,0.3627768017168015,0.539828536558701,-0.42963976,0.058528570243932106,0.12738781177858027
88,0.62918985,0.12915491250681943,0.8560866430019959,0.3627768017168015,1.2040685,0.12738781177858027,0.41000768410893046
89,0.36050984,0.43974634145817676,0.040471387677757396,0.8560866430019959,-1.1887639,0.41000768410893046,0.6656378294145432
90,0.00790298,0.9632462685443559,0.10700726785926301,0.040471387677757396,-1.3277928,0.6656378294145432,0.13292693707202152
91,0.6211373,0.13841691711864645,0.35926290736701455,0.10700726785926301,-0.44971287,0.13292693707202152,0.42301834876777855
92,0.34879866,0.4662692062679947,0.7095066923314988,0.35926290736701455,0.73587763,0.42301834876777855,0.6475876912635371
93,-0.0027715564,0.9729922783844069,0.0039288983834089046,0.7095066923314988,-1.5200478,0.6475876912635371,0.09339248847899784
94,0.6442448,0.10274193512088704,0.014953432334278111,0.0039288983834089046,-1.5490094,0.09339248847899784,0.31690690413955525
95,0.44442707,0.360425501191561,0.05170484938225763,0.014953432334278111,-1.462459,0.31690690413955525,0.6695848649843953
96,0.054253995,0.9012744288261055,0.1382089202473785,0.05170484938225763,-1.1999546,0.6695848649843953,0.07900271637019618
97,0.47552335,0.34788612152467896,0.4127687381334094,0.1382089202473785,-0.25603306,0.07900271637019618,0.24216355182642163
98,0.048745185,0.8869741147585847,0.5226739242071472,0.4127687381334094,0.06440114,0.24216355182642163,0.38265866403933163
99,0.3866223,0.3919577554298813,0.7413938903904146,0.5226739242071472,0.79346794,0.38265866403933163,0.6909448675391274
100,0.051538393,0.9318015201682025,0.06119830001475533,0.7413938903904146,-1.397475,0.6909448675391274,0.17246249956434753
101,0.5134142,0.24845543871617737,0.20855339644397453,0.06119830001475533,-0.9603776,0.17246249956434753,0.4923409953244767
102,0.16392618,0.7300517449471311,0.47072950589967566,0.20855339644397453,-0.068847306,0.4923409953244767,0.4162355841017943
103,0.12912616,0.7705211550427171,0.553330942233968,0.47072950589967566,0.2080146,0.4162355841017943,0.44967246793570276
104,0.1882512,0.6913176124319104,0.5220486834660315,0.553330942233968,0.080954544,0.44967246793570276,0.48270056542084183
105,0.0912595,0.8343338642117885,0.4686102845632762,0.5220486834660315,-0.0953852,0.48270056542084183,0.347389815867175
106,0.29160935,0.5404107912099158,0.6823114331949843,0.4686102845632762,0.62211204,0.347389815867175,0.5944218453010714
107,-0.06556688,0.9710559074129015,0.07095014402306807,0.6823114331949843,-1.3992393,0.5944218453010714,0.039980923388348945
108,0.65047854,0.10988908886687646,0.2506874142608103,0.07095014402306807,-0.8266543,0.039980923388348945,0.1435904858079779
109,0.41240233,0.38242748406693056,0.6272675632635024,0.2506874142608103,0.43915796,0.1435904858079779,0.3960035734126991
110,0.030770637,0.923394866127696,0.23673318451836578,0.6272675632635024,-0.9019703,0.3960035734126991,0.3642886455455759
111,0.50091696,0.27656405270246404,0.6350223742349521,0.23673318451836578,0.47409976,0.3642886455455759,0.7499341780214299
112,0.15118712,0.7822511578828211,0.3262661254652756,0.6350223742349521,-0.51946104,0.7499341780214299,0.18474367539938882
113,0.21740137,0.665966629754813,0.6097191827864399,0.3262661254652756,0.41719282,0.18474367539938882,0.3975448279241171
114,0.06299138,0.8697465658133775,0.31099272539855,0.6097191827864399,-0.66542023,0.3975448279241171,0.39675067108159234
115,0.3494019,0.4429271523113004,0.681956733685482,0.31099272539855,0.59757495,0.39675067108159234,0.6627573470328652
116,0.0063643157,0.964705366275164,0.07698998669663004,0.681956733685482,-1.3745698,0.6627573470328652,0.12638364840864832
117,0.6260358,0.13312320740772865,0.2680784011395487,0.07698998669663004,-0.76887715,0.12638364840864832,0.40648675592638017
118,0.35010934,0.45119216384758287,0.6305939193173439,0.2680784011395487,0.46232975,0.40648675592638017,0.6582365557048306
119,0.0030542016,0.9681268194504753,0.19635052087965582,0.6305939193173439,-1.0220346,0.6582365557048306,0.11738680767912175
120,0.632813,0.12064464595419912,0.5941779626492636,0.19635052087965582,0.32225192,0.11738680767912175,0.3839879820416722
121,0.37050587,0.414784830086365,0.6592511297871954,0.5941779626492636,0.4519542,0.3839879820416722,0.6775979625839743
122,0.022785895,0.9490494439071866,0.1456577993332628,0.6592511297871954,-1.1564658,0.6775979625839743,0.15200227421989365
123,0.5761382,0.18905499947531787,0.4581037341835239,0.1456577993332628,-0.11676253,0.15200227421989365,0.4602841239132838
124,0.2531916,0.5994182568929226,0.6540158424650537,0.4581037341835239,0.5356092,0.4602841239132838,0.5412776430783395
125,0.027077474,0.9387966205272009,0.16593392227457063,0.6540158424650537,-1.1044182,0.5412776430783395,0.17656721524849864
126,0.5354784,0.2246452913066341,0.5016213443225156,0.16593392227457063,0.009909265,0.17656721524849864,0.5078105118641135
127,0.20222127,0.6810016242795051,0.581660726060282,0.5016213443225156,0.3105684,0.5078105118641135,0.4375771282442063
128,0.08167249,0.8493506404474509,0.37506709648417796,0.581660726060282,-0.40256396,0.4375771282442063,0.3820218653070864
129,0.31456035,0.5002702849595675,0.7022601421901161,0.37506709648417796,0.7158799,0.3820218653070864,0.6258593268631669
130,-0.0124612,0.9774403895727208,0.01248210747323816,0.7022601421901161,-1.5189704,0.6258593268631669,0.04130946729345657
131,0.66613364,0.08621290431445969,0.04733013226687899,0.01248210747323816,-1.4466454,0.04130946729345657,0.14968055192910587
132,0.4573741,0.3080120417375898,0.1605467632517072,0.04733013226687899,-1.1107141,0.14968055192910587,0.42669303417543464
133,0.09139975,0.8333292612768906,0.37314941033047,0.1605467632517072,-0.4122268,0.42669303417543464,0.40144801932341023
134,0.28213912,0.5430332111160813,0.6826154484151913,0.37314941033047,0.65495014,0.40144801932341023,0.6001882517861097
135,-0.05053553,0.9702003527581009,0.07085431396195106,0.6826154484151913,-1.4013942,0.6001882517861097,0.02760528871020483
136,0.63354146,0.11303760581399723,0.2501117010390671,0.07085431396195106,-0.8323294,0.02760528871020483,0.10034679055274022
137,0.4180395,0.39199322080534016,0.623564669061165,0.2501117010390671,0.44315624,0.10034679055274022,0.29225057169297963
138,0.028856188,0.9318314777855585,0.23821712072213844,0.623564669061165,-0.8823889,0.29225057169297963,0.3838568516111648
139,0.51643485,0.2483542838229395,0.6455583062972821,0.23821712072213844,0.50249517,0.3838568516111648,0.7777505035154652
140,0.20444435,0.7298527374048107,0.34487398428323995,0.6455583062972821,-0.39670062,0.7777505035154652,0.21250444563729046
141,0.13527685,0.7708789939655082,0.5763896732977754,0.34487398428323995,0.30580008,0.21250444563729046,0.39919153950019465
142,0.17313814,0.690560158284518,0.4919140629139684,0.5763896732977754,-0.05849514,0.39919153950019465,0.5079912840958362
143,0.09415913,0.8354647822356217,0.49935244764065667,0.4919140629139684,0.026425414,0.5079912840958362,0.31432093418710405
144,0.290792,0.5374491953771903,0.6682921195526124,0.49935244764065667,0.59390855,0.31432093418710405,0.5800483999737416
145,-0.045403108,0.971957458858307,0.10572195146519521,0.6682921195526124,-1.2998707,0.5800483999737416,0.07088087197604731
146,0.6557286,0.10656510611486306,0.35946680778565226,0.10572195146519521,-0.45393503,0.07088087197604731,0.2463495069632719
147,0.41300726,0.37224453549255615,0.7496012910139142,0.35946680778565226,0.84152484,0.2463495069632719,0.5840859929693473
148,0.043254428,0.9136276447036837,0.07001945346327897,0.7496012910139142,-1.3856307,0.5840859929693473,0.11555712084399694
149,0.4785909,0.30852786491289025,0.23120335305626674,0.07001945346327897,-0.87051594,0.11555712084399694,0.34478373667230544
150,0.088747285,0.8341026029672194,0.47274724131345264,0.23120335305626674,-0.07015479,0.34478373667230544,0.43468699156701646
151,0.29291397,0.5410151758142069,0.6802854538539461,0.47274724131345264,0.62244844,0.43468699156701646,0.594611826126067
152,-0.06515017,0.9708634978216548,0.07632877731364104,0.6802854538539461,-1.3848794,0.594611826126067,0.03973023554073923
153,0.6497288,0.11059767208160941,0.2680089133279098,0.07632877731364104,-0.76942885,0.03973023554073923,0.142685046100661
154,0.4118681,0.38458704148240935,0.6516197719873695,0.2680089133279098,0.53661215,0.142685046100661,0.3935297710043133
155,0.030544244,0.9253620456720427,0.1818378568516674,0.6516197719873695,-1.0753663,0.3935297710043133,0.3646156516765692
156,0.50571746,0.2700360891219043,0.5285327439304006,0.1818378568516674,0.10943567,0.3646156516765692,0.7538725840254171
157,0.16033763,0.7706791291878973,0.5007150869502839,0.5285327439304006,0.083713345,0.7538725840254171,0.18367332754574936
158,0.19868927,0.6909833447195756,0.5764869352580472,0.5007150869502839,0.30285186,0.18367332754574936,0.38880651022207174
159,0.08715119,0.8348334961746245,0.393391240753817,0.5764869352580472,-0.34866372,0.38880651022207174,0.42263765049956764
160,0.29219908,0.5391036113071319,0.6900749258798929,0.393391240753817,0.67531323,0.42263765049956764,0.5993618350506835
161,-0.052161828,0.971462286697312,0.05030130617518667,0.6900749258798929,-1.4542669,0.5993618350506835,0.02832308481396656
162,0.63629067,0.10839157206835878,0.18191368263595564,0.05030130617518667,-1.0510288,0.02832308481396656,0.10308267671478667
163,0.4239189,0.3778505678962463,0.505498394656986,0.18191368263595564,0.04706394,0.10308267671478667,0.30139914910744753
164,0.036779813,0.91910512430106,0.4360523497877509,0.505498394656986,-0.19879866,0.30139914910744753,0.3910778779066591
165,0.47944707,0.2906943551988266,0.8196917686365954,0.4360523497877509,1.1028107,0.3910778779066591,0.7553427689861749
166,0.16149434,0.8061584559853272,0.19889969295274948,0.8196917686365954,-1.1116759,0.7553427689861749,0.23041211110060128
167,0.23643638,0.6109668872938235,0.48452943356262823,0.19889969295274948,-0.042519934,0.23041211110060128,0.4744366726911463
168,0.029152185,0.929297225419948,0.4521840507430045,0.48452943356262823,-0.15258986,0.4744366726911463,0.28615895550308357
169,0.5141104,0.2568866272027094,0.8393372185157035,0.4521840507430045,1.1762825,0.28615895550308357,0.685578594070699
170,0.11390931,0.7463576225071885,0.20931012136956934,0.8393372185157035,-1.108705,0.685578594070699,0.04267859388756742
171,0.15537354,0.7401490517443318,0.46931293850051,0.20931012136956934,-0.074053176,0.04267859388756742,0.11064475236379484
172,0.15227921,0.7519585334339552,0.5645923300609216,0.46931293850051,0.28081346,0.11064475236379484,0.25531574014115105
173,0.14858232,0.7292368086373013,0.4822783966179138,0.5645923300609216,-0.082615025,0.25531574014115105,0.453432926201803
174,0.13371937,0.7719845437170862,0.5441096710230248,0.4822783966179138,0.1779548,0.453432926201803,0.42269134190564145
175,0.18322639,0.6882136647441705,0.5351302670565817,0.5441096710230248,0.09884142,0.42269134190564145,0.5005079024616821
176,0.091141246,0.8389397415127239,0.4498345753005235,0.5351302670565817,-0.14494038,0.5005079024616821,0.32164744954447994
177,0.2959997,0.5282865560123975,0.6947276384465977,0.4498345753005235,0.64574456,0.32164744954447994,0.5889515326521494
178,-0.07062714,0.974312359694833,0.03555291120154907,0.6947276384465977,-1.4872452,0.5889515326521494,0.04923634635401914
179,0.66867185,0.09785270199938612,0.13108715044258093,0.03555291120154907,-1.1996101,0.04923634635401914,0.17597386859143974
180,0.45049715,0.34514427508580453,0.3956054455526982,0.13108715044258093,-0.32688367,0.17597386859143974,0.4732597808320045
181,0.056573242,0.8836834101453411,0.5292534156856661,0.3956054455526982,0.0914477,0.4732597808320045,0.3214862362858226
182,0.40335572,0.4018729381627947,0.7307886420915726,0.5292534156856661,0.8159034,0.3214862362858226,0.6525924152889423
183,0.022285119,0.9397938818962033,0.03667264074637587,0.7307886420915726,-1.4493164,0.6525924152889423,0.07294340725618717
184,0.5628998,0.22121961834859083,0.12970207444625825,0.03667264074637587,-1.2140895,0.07294340725618717,0.2398126071842023
185,0.18386717,0.6735797780682664,0.3417432422113712,0.12970207444625825,-0.50580084,0.2398126071842023,0.4614073019839063
186,0.07264906,0.8596397621322751,0.5394942284567531,0.3417432422113712,0.15109503,0.4614073019839063,0.3522733345693132
187,0.3319037,0.4717490018961199,0.6785512631972489,0.5394942284567531,0.5625551,0.3522733345693132,0.633965108577511
188,-0.0075450093,0.974320219714339,0.07799952566655081,0.6785512631972489,-1.3725873,0.633965108577511,0.05888928823042456
189,0.6740762,0.09782354975079245,0.2745400941354829,0.07799952566655081,-0.7449018,0.05888928823042456,0.20824813866873867
190,0.45109707,0.3450525995726522,0.6732681922596313,0.2745400941354829,0.62414396,0.20824813866873867,0.5337370891550747
191,0.06668271,0.8835723675654383,0.1636904161031332,0.6732681922596313,-1.0946128,0.5337370891550747,0.23611007604378087
192,0.38238603,0.40220604236388086,0.4619059156060617,0.1636904161031332,-0.118648656,0.23611007604378087,0.5581931892425127
193,0.030933514,0.9400490412779051,0.46640056613231584,0.4619059156060617,-0.07120157,0.5581931892425127,0.143970393288474
194,0.5451069,0.2203418759330834,0.8597431533765342,0.46640056613231584,1.2329625,0.143970393288474,0.4334321395645992
195,0.19752057,0.6716633485970512,0.20761090414304365,0.8597431533765342,-1.1560789,0.4334321395645992,0.5062238277793297
196,0.075381294,0.8622265944684849,0.4369135312148199,0.20761090414304365,-0.17099631,0.5062238277793297,0.29548972295793496
197,0.35213846,0.4644481173324754,0.7300258505355186,0.4369135312148199,0.79160553,0.29548972295793496,0.6009410923209556
198,-0.04742834,0.9724989839551588,0.06268133466367834,0.7300258505355186,-1.4714986,0.6009410923209556,0.02369995734182112
199,0.6308086,0.10456547023213537,0.22390971923173214,0.06268133466367834,-0.92034614,0.02369995734182112,0.08682844281447771
200,0.46215582,0.3660770740398594,0.5882369492304773,0.22390971923173214,0.35151947,0.08682844281447771,0.26101041569485534
201,0.041180886,0.907317712358751,0.32371907150330037,0.5882369492304773,-0.5928307,0.26101041569485534,0.38482666731472387
202,0.45260316,0.328780864455163,0.7373293268385155,0.32371907150330037,0.8131095,0.38482666731472387,0.7297153981755722
203,0.09712079,0.8628221016653503,0.01111770600172707,0.7373293268385155,-1.3654119,0.7297153981755722,0.21412095905957312
204,0.33874902,0.46275999237955856,0.03726428566974273,0.01111770600172707,-1.5216237,0.21412095905957312,0.5043341274301201
205,-0.008841217,0.9720185452520272,0.09861216623436804,0.03726428566974273,-1.36056,0.5043341274301201,0.21128785731589564
206,0.6426026,0.10633965320719448,0.3380835268399745,0.09861216623436804,-0.53345597,0.21128785731589564,0.6181064453567853
207,0.45378453,0.3715507367214567,0.7337934363336786,0.3380835268399745,0.852509,0.6181064453567853,0.5652954945598447
208,0.05050893,0.9129326666908176,0.022201552581411065,0.7337934363336786,-1.4163994,0.5652954945598447,0.15410049487519525
209,0.45968002,0.31077379385749687,0.07743631700150931,0.022201552581411065,-1.3784679,0.15410049487519525,0.43595516283131136
210,0.089459196,0.8374455338380966,0.20498010320740123,0.07743631700150931,-0.96945417,0.43595516283131136,0.3915172783267259
211,0.28945288,0.532237997055044,0.5135168082500238,0.20498010320740123,0.04897105,0.3915172783267259,0.6072126511021176
212,-0.0289139,0.9733773039630867,0.3937660121186829,0.5135168082500238,-0.34150898,0.6072126511021176,0.008180790419614859
213,0.5723439,0.10131730948743806,0.8940670638618282,0.3937660121186829,1.1822718,0.008180790419614859,0.030511006542733973
214,0.50041777,0.35599215244222204,0.003048395576128462,0.8940670638618282,-1.2939072,0.030511006542733973,0.09893676777251185
215,0.052483954,0.896358999150556,0.008751043476009994,0.003048395576128462,-1.6542741,0.09893676777251185,0.21043620940429253
216,0.4336617,0.3632151712393925,0.03044383734318357,0.008751043476009994,-1.5339891,0.21043620940429253,0.5315460289907497
217,0.050926298,0.9042886656137211,0.08382111881278556,0.03044383734318357,-1.3828434,0.5315460289907497,0.22243815594024163
218,0.45031935,0.33839260028088136,0.2692535151158353,0.08382111881278556,-0.72777593,0.22243815594024163,0.5600542912434456
219,0.0741989,0.8753295918005353,0.4970214572571251,0.2692535151158353,0.013956778,0.5600542912434456,0.19720632615224742
220,0.38317,0.4266634013817731,0.7348752795557996,0.4970214572571251,0.82533836,0.19720632615224742,0.4887349294288896
221,0.011294685,0.9564129677676124,0.06316616972322392,0.7348752795557996,-1.4496969,0.4887349294288896,0.2466032669142591
222,0.5862138,0.1629870708169278,0.2211556257815237,0.06316616972322392,-0.9274198,0.2466032669142591,0.6653681210790183
223,0.2947985,0.5333787636518629,0.5396358856795009,0.2211556257815237,0.14376295,0.6653681210790183,0.3163732880461217
224,-0.00040433556,0.9730846448973108,0.3584047077868222,0.5396358856795009,-0.42899457,0.3163732880461217,0.3651525730505723
225,0.63109034,0.10240027727647628,0.8632908837475152,0.3584047077868222,1.1957767,0.3651525730505723,0.8502090205508718
226,0.44703716,0.3593637292873136,0.09837526336805823,0.8632908837475152,-1.2232606,0.8502090205508718,0.020151359275497948
227,0.06421016,0.9001111965309802,0.24499264647430805,0.09837526336805823,-0.82349336,0.020151359275497948,0.048967296552729626
228,0.4921795,0.3515307930883458,0.6274734071816033,0.24499264647430805,0.5096437,0.048967296552729626,0.1555835863212698
229,0.06321105,0.8912573638901492,0.260155495715385,0.6274734071816033,-0.7904528,0.1555835863212698,0.2976143568741186
230,0.42169023,0.37892511155056974,0.6423239399768735,0.260155495715385,0.50476575,0.2976143568741186,0.6426986704096603
231,0.033450127,0.9201269609190778,0.20676511330883718,0.6423239399768735,-0.99936175,0.6426986704096603,0.02708576659384471
232,0.55000967,0.2873415066207233,0.5764312930155198,0.20676511330883718,0.34083354,0.02708576659384471,0.09110965245910838
233,0.11268192,0.8006269946365796,0.41680402843107833,0.5764312930155198,-0.25546324,0.09110965245910838,0.21026215998213116
234,0.2378116,0.6240896549646546,0.6507649073505862,0.41680402843107833,0.52810085,0.21026215998213116,0.44522975682566385
235,0.0360277,0.9172372011324536,0.19004735975536385,0.6507649073505862,-1.050218,0.44522975682566385,0.32794522207887467
236,0.48930633,0.29680227722214975,0.5402254225530282,0.19004735975536385,0.1598593,0.32794522207887467,0.7114360260098188
237,0.12481785,0.8160092532586489,0.4579177332486133,0.5402254225530282,-0.06597114,0.7114360260098188,0.10554341560031386
238,0.29037273,0.5870045460871954,0.6608103477765636,0.4579177332486133,0.62645304,0.10554341560031386,0.272957569572217
239,0.017800465,0.9478445885360641,0.1428814123875384,0.6608103477765636,-1.1848727,0.272957569572217,0.37230819917845914
240,0.56222427,0.19327999692919826,0.45022189493044906,0.1428814123875384,-0.15015471,0.37230819917845914,0.8033640280070341
241,0.29046524,0.6096213029231344,0.6513215742819066,0.45022189493044906,0.63197476,0.8033640280070341,0.14870210796353447
242,0.03200063,0.9304577212673479,0.17859447804869913,0.6513215742819066,-1.0681827,0.14870210796353447,0.27932127002253837
243,0.5189549,0.2529856925685514,0.5249915828118079,0.17859447804869913,0.0951327,0.27932127002253837,0.6783935541538042
244,0.07986568,0.7388823280848673,0.5244371276711521,0.5249915828118079,-0.13965827,0.6783935541538042,0.0692939508721061
245,0.1582928,0.7543309789361025,0.5154460365002087,0.5244371276711521,0.09208035,0.0692939508721061,0.17087364116240011
246,0.16626275,0.7245406195471445,0.5430467793520124,0.5154460365002087,0.14915854,0.17087364116240011,0.3612941501177438
247,0.12590066,0.7803163442423334,0.4771962675122335,0.5430467793520124,-0.073429234,0.3612941501177438,0.46259069537378034
248,0.2043556,0.6702222628756469,0.6053813910868018,0.4771962675122335,0.40331852,0.46259069537378034,0.48844248972081517
249,0.07241656,0.8641528816639853,0.3231403931115236,0.6053813910868018,-0.6018629,0.48844248972081517,0.317685637129025
250,0.35288477,0.45897751682297305,0.6869813997391345,0.3231403931115236,0.6407906,0.317685637129025,0.6211615731558777
251,-0.009702548,0.9708611540012586,0.05894403861780921,0.6869813997391345,-1.43234,0.6211615731558777,0.02315001476218124
252,0.62791395,0.11060630184061068,0.2110067993413368,0.05894403861780921,-0.96104753,0.02315001476218124,0.08464424834614587
253,0.45223457,0.38461331830164697,0.5604481137417706,0.2110067993413368,0.26563323,0.08464424834614587,0.25270893575389547
254,0.026887186,0.9253857571333648,0.35785755850464673,0.5604481137417706,-0.46209812,0.25270893575389547,0.37365152522232437
255,0.50327045,0.26995721953695806,0.7918158545504816,0.35785755850464673,0.9850967,0.37365152522232437,0.7593643679983496
256,0.16084829,0.7705372808982796,0.07173798929685744,0.7918158545504816,-1.1782224,0.7593643679983496,0.20119216807123375
257,0.19673866,0.6912834996343148,0.20391130035422553,0.07173798929685744,-0.9458326,0.20119216807123375,0.4119777486776919
258,0.08820724,0.8343848928483518,0.4388180406882564,0.20391130035422553,-0.17729247,0.4119777486776919,0.4106891815587272
259,0.2877801,0.5402773752243771,0.6905510445472138,0.4388180406882564,0.6332711,0.4106891815587272,0.6008997701446486
260,-0.048199654,0.9710979963651263,0.049337177393462425,0.6905510445472138,-1.4576416,0.6008997701446486,0.025115888706177248
261,0.63129133,0.10973405007858367,0.17853614088457212,0.049337177393462425,-1.0626973,0.025115888706177248,0.09167292498808802
262,0.44290733,0.38195444702711695,0.49762393973184793,0.17853614088457212,0.033401124,0.09167292498808802,0.27154942524336406
263,0.03392607,0.922959099327413,0.44244193687901173,0.49762393973184793,-0.18141228,0.27154942524336406,0.38248413877530535
264,0.49370027,0.278006023854822,0.8271965574954403,0.44244193687901173,1.1331894,0.38248413877530535,0.759241938256664
265,0.16500121,0.7847623871272292,0.20426281059909032,0.8271965574954403,-1.0907125,0.759241938256664,0.21773255396480304
266,0.20879391,0.6603995147502403,0.4813305624471882,0.20426281059909032,-0.043303616,0.21773255396480304,0.4422732335667753
267,0.06332884,0.8768502834930259,0.48513166497790233,0.4813305624471882,-0.034221895,0.4422732335667753,0.3589056473287021
268,0.36738133,0.42219128309402426,0.7426058259291362,0.48513166497790233,0.79561424,0.3589056473287021,0.6644617337279421
269,0.014662378,0.9537702038245958,0.08414513702439698,0.7426058259291362,-1.4283265,0.6644617337279421,0.11975399949536679
270,0.59615546,0.1723916111532005,0.2867099481268238,0.08414513702439698,-0.70068586,0.11975399949536679,0.38090186416677174
271,0.27498716,0.5578165711786869,0.6171953816012185,0.2867099481268238,0.4010899,0.38090186416677174,0.5913223963687531
272,-0.06362717,0.964371292849533,0.22752744119879922,0.6171953816012185,-0.93769836,0.5913223963687531,0.05315674433014138
273,0.64413744,0.13433671885959397,0.6568672004846788,0.22752744119879922,0.5594791,0.05315674433014138,0.18612723386875266
274,0.36345035,0.45466773085599155,0.5354479254810125,0.6568672004846788,0.10924228,0.18612723386875266,0.4611882070806272
275,0.00097536296,0.9694060556630606,0.3667952078267787,0.5354479254810125,-0.41189468,0.4611882070806272,0.27311427922088644
276,0.64056075,0.11595556587637024,0.8654845880976502,0.3667952078267787,1.2329532,0.27311427922088644,0.7286551854158713
277,0.37546694,0.40078927642671003,0.048727799102175125,0.8654845880976502,-1.2100109,0.7286551854158713,0.3171802873889934
278,0.017442152,0.9389577892801348,0.12865106105372487,0.048727799102175125,-1.2509993,0.3171802873889934,0.38205547489890396
279,0.5361142,0.22409219053462462,0.40791143230208166,0.12865106105372487,-0.2840711,0.38205547489890396,0.7913354459074525
280,0.23388381,0.679809523070619,0.6242975305888038,0.40791143230208166,0.5262147,0.7913354459074525,0.19626008674199455
281,0.07993293,0.8510323208928031,0.2963623185608251,0.6242975305888038,-0.7070368,0.19626008674199455,0.35650602563750766
282,0.31853288,0.49566528696376255,0.6484828149112356,0.2963623185608251,0.50178564,0.35650602563750766,0.622295269861149
283,-0.013727561,0.9773672117830696,0.1490906051119498,0.6484828149112356,-1.159463,0.622295269861149,0.03230743254203639
284,0.6508398,0.08648608220954986,0.48497125359913973,0.1490906051119498,-0.028110392,0.03230743254203639,0.11818900069818368
285,0.48293144,0.3088956494743016,0.8076622408056552,0.48497125359913973,1.0682536,0.11818900069818368,0.35134869272210906
286,0.08482712,0.8346527289624838,0.1848941814010688,0.8076622408056552,-1.210242,0.35134869272210906,0.43361755910405897
287,0.29391682,0.5395767753185812,0.47623593957346555,0.1848941814010688,-0.056579,0.43361755910405897,0.595945122084528
288,-0.06138058,0.9713167312076894,0.4363463836966929,0.47623593957346555,-0.21663737,0.595945122084528,0.03628058417077129
289,0.6453603,0.10892809575126831,0.9135589076870548,0.4363463836966929,1.3906076,0.03628058417077129,0.13088182278572313
290,0.42155266,0.3794923809973661,0.0987240617074022,0.9135589076870548,-1.311317,0.13088182278572313,0.3680783804835689
291,0.036156125,0.9206627640866796,0.24332546290301013,0.0987240617074022,-0.8384944,0.3680783804835689,0.3804749845874837
292,0.48863667,0.28558016713353135,0.6437857242807258,0.24332546290301013,0.49563456,0.3804749845874837,0.7537314536587942
293,0.15153882,0.7976859541523995,0.2967688678314425,0.6437857242807258,-0.5788141,0.7537314536587942,0.21514443714601178
294,0.23103185,0.6309695181820771,0.6013979486800994,0.2967688678314425,0.3559401,0.21514443714601178,0.4491286173231656
295,0.040029712,0.9103764581442542,0.2975767138695178,0.6013979486800994,-0.68637425,0.4491286173231656,0.3287840337747349
296,0.47441375,0.31900208425102267,0.7119018279464089,0.2975767138695178,0.77414227,0.3287840337747349,0.7007281270158306
297,0.09801968,0.8493558892504898,0.0934508345956215,0.7119018279464089,-1.2468351,0.7007281270158306,0.11118219097680668
298,0.33180642,0.5002559464015729,0.27874507936959725,0.0934508345956215,-0.6927484,0.11118219097680668,0.3002080507706597
299,-0.005231127,0.9774404190734399,0.4704408832543106,0.27874507936959725,-0.083622344,0.3002080507706597,0.36347045461557953
300,0.6473733,0.08621279417773267,0.9343377266803536,0.4704408832543106,1.4537336,0.36347045461557953,0.8579163577655343
301,0.44492042,0.30801168537708823,0.09851815053079464,0.9343377266803536,-1.3559405,0.8579163577655343,0.0634995275496413
302,0.11976735,0.8333287262885104,0.2530756965114471,0.09851815053079464,-0.7873398,0.0634995275496413,0.15016087389423344
303,0.30421877,0.5430346055496701,0.582779933199194,0.2530756965114471,0.32958484,0.15016087389423344,0.3724351183600143
304,0.0068715364,0.9701998835245895,0.28990624343133187,0.582779933199194,-0.6815592,0.3724351183600143,0.34968427709406485
305,0.62852275,0.11303933106444729,0.7729512345301527,0.28990624343133187,0.8959929,0.34968427709406485,0.829565237476643
306,0.41974384,0.3919984411639473,0.3335767450421303,0.7729512345301527,-0.5484219,0.829565237476643,0.04434710526435951
307,-0.05724351,0.931835886594228,0.5088556051494566,0.3335767450421303,-0.027847655,0.04434710526435951,0.10134922651313893
308,0.53547436,0.24833939644683445,0.8359670480678099,0.5088556051494566,1.1598048,0.10134922651313893,0.31760380952118256
309,0.17660429,0.729823441902904,0.18101052355208166,0.8359670480678099,-1.1064312,0.31760380952118256,0.4862024296355306
310,0.13450618,0.7709316445674862,0.4194670395288898,0.18101052355208166,-0.2525047,0.4862024296355306,0.3915773191525483
311,0.1758138,0.6904486258278286,0.61759135824232,0.4194670395288898,0.37691474,0.3915773191525483,0.5100596434125876
312,0.09414607,0.8356309269983632,0.3207611655566591,0.61759135824232,-0.6084073,0.5100596434125876,0.31133170940394417
313,0.29148817,0.5370132605996392,0.6553231962840464,0.3207611655566591,0.52595663,0.31133170940394417,0.5783935437629069
314,-0.039393768,0.972084372782443,0.13708315483246158,0.6553231962840464,-1.2079475,0.5783935437629069,0.07431612331920881
315,0.64367074,0.10609666941736716,0.4492229852254949,0.13708315483246158,-0.1288656,0.07431612331920881,0.25734256792490984
316,0.41075873,0.3708025441726693,0.7785519883050338,0.4492229852254949,0.9261589,0.25734256792490984,0.5996409222518957
317,-0.012916729,0.9121789842550071,0.1602641385571133,0.7785519883050338,-1.3566834,0.5996409222518957,0.08342837162337043
318,0.50294113,0.313205166429023,0.4712753469955886,0.1602641385571133,-0.06167925,0.08342837162337043,0.258819203932677
319,0.08174423,0.8410200236052436,0.5136567571014662,0.4712753469955886,0.057464473,0.258819203932677,0.4107287438962965
320,0.30099276,0.5227561649130994,0.6673919742425817,0.5136567571014662,0.5741897,0.4107287438962965,0.6121795967591998
321,-0.016529247,0.9754160317876442,0.10521790584629187,0.6673919742425817,-1.2934906,0.6121795967591998,0.005630615945672148
322,0.5126179,0.09375453283295614,0.359556560406532,0.10521790584629187,-0.49780238,0.005630615945672148,0.02112297258467036
323,0.5303559,0.33219150375067474,0.7666967043715802,0.359556560406532,1.0338697,0.02112297258467036,0.07006044803892418
324,0.07292652,0.8673429640423923,0.08132054179627865,0.7666967043715802,-1.3180503,0.07006044803892418,0.1601365696598468
325,0.36718696,0.44985396041987596,0.2513008478805206,0.08132054179627865,-0.76421463,0.1601365696598468,0.41431467850493425
326,0.0056083202,0.9676090870483873,0.45423968428474226,0.2513008478805206,-0.15249538,0.41431467850493425,0.3226621381488708
327,0.6345941,0.12253877271452536,0.9116595406031955,0.45423968428474226,1.406078,0.3226621381488708,0.7948365155271405
328,0.29576448,0.42038950048527973,0.13579509766722336,0.9116595406031955,-1.2772411,0.7948365155271405,0.1153232875477429
329,0.02175279,0.95266125747387,0.3097050050895484,0.13579509766722336,-0.62459004,0.1153232875477429,0.22769870371641387
330,0.5606509,0.17632164152111257,0.778377388311965,0.3097050050895484,0.92859554,0.22769870371641387,0.6264757772780604
331,0.28360736,0.5678239086714132,0.15737311741316362,0.778377388311965,-0.973125,0.6264757772780604,0.3595645024853691
332,0.013843365,0.9594554438753503,0.3442629738791327,0.15737311741316362,-0.51460993,0.3595645024853691,0.361802022113415
333,0.5938142,0.15209248671043135,0.8281879274685587,0.3442629738791327,1.0978676,0.361802022113415,0.8189657036818081
334,0.3817038,0.5042044139963189,0.06711003802132635,0.8281879274685587,-1.100583,0.8189657036818081,0.06629485679678782
335,-0.01992254,0.9773715619416524,0.1692700735722583,0.06711003802132635,-1.1070937,0.06629485679678782,0.1410691917458621
336,0.66081935,0.08646984392868938,0.5371469929422814,0.1692700735722583,0.1379,0.1410691917458621,0.45591864961496525
337,0.48009324,0.30884314224501097,0.7840803811266813,0.5371469929422814,0.9989512,0.45591864961496525,0.751702835779761
338,0.20071381,0.8345742542507032,0.10651585587494504,0.7840803811266813,-1.1600723,0.751702835779761,0.2520721341038094
339,0.28839362,0.5397821058692223,0.30724790836632804,0.10651585587494504,-0.61912334,0.2520721341038094,0.52577027360777
340,0.0011219606,0.9712530223955925,0.48626329012331354,0.30724790836632804,-0.022064693,0.52577027360777,0.17671305479328148
341,0.6591537,0.10916287699879366,0.9222242458146367,0.48626329012331354,1.4701715,0.17671305479328148,0.5401319892870317
342,0.42965287,0.3802101257601093,0.131953812497038,0.9222242458146367,-1.3295271,0.5401319892870317,0.6517682131185236
343,0.035345666,0.9213370897241917,0.30783226249788176,0.131953812497038,-0.6308254,0.6517682131185236,0.05188021081977618
344,0.5342504,0.2833602739028889,0.7369669104006579,0.30783226249788176,0.8909788,0.05188021081977618,0.1697926213688903
345,0.11854355,0.793944677995426,0.07221041584492165,0.7369669104006579,-1.3234724,0.1697926213688903,0.34124768004555145
346,0.22921987,0.6396235964204399,0.20953234619715821,0.07221041584492165,-0.9216882,0.34124768004555145,0.5390355074771964
347,0.05027815,0.9012208339563674,0.4297046469570583,0.20953234619715821,-0.19660938,0.5390355074771964,0.2123379849187023
348,0.4466967,0.3480542789682082,0.7893583330909817,0.4297046469570583,1.0272737,0.2123379849187023,0.539815045970573
349,0.06523323,0.8871740204755935,0.17277487711093395,0.7893583330909817,-1.2714664,0.539815045970573,0.22288658839454614
350,0.3987403,0.391352693698754,0.483570004408089,0.17277487711093395,-0.038818963,0.22288658839454614,0.5422800661050787
351,0.03221579,0.9312889090114935,0.4519787627581412,0.483570004408089,-0.13972604,0.5422800661050787,0.1811476918442821
352,0.5037263,0.25018523418043015,0.8429049292466543,0.4519787627581412,1.1510885,0.1811476918442821,0.5104756179307591
353,0.16603628,0.7334424830914417,0.2091800352614523,0.8429049292466543,-1.1168741,0.5104756179307591,0.39255889983567327
354,0.12710391,0.7643766206247787,0.46313365191104583,0.2091800352614523,-0.105727084,0.39255889983567327,0.4643160398548212
355,0.18077251,0.7041678208704361,0.5946248111210699,0.46313365191104583,0.3602875,0.4643160398548212,0.462406015208983
356,0.10391392,0.8144641754964346,0.37756938934937456,0.5946248111210699,-0.41358295,0.462406015208983,0.38398456966183026
357,0.25072435,0.5908131650818458,0.6627807244468964,0.37756938934937456,0.5814816,0.38398456966183026,0.5715976216086537
358,0.029944032,0.9451967411872995,0.14023406896891588,0.6627807244468964,-1.1565644,0.5715976216086537,0.11277429347011379
359,0.5743481,0.20252516693109673,0.44181028204175427,0.14023406896891588,-0.16107953,0.11277429347011379,0.3564582141512431
360,0.23189576,0.6314607837370836,0.6423926195796849,0.44181028204175427,0.4948634,0.3564582141512431,0.5463682302443028
361,0.047349706,0.909872399932995,0.21440563196295592,0.6423926195796849,-0.9514609,0.5463682302443028,0.1921064462076703
362,0.46887094,0.3206185880421719,0.5828327604873429,0.21440563196295592,0.30631864,0.1921064462076703,0.5118846097400456
363,0.082926415,0.8516335392992581,0.37155543894679244,0.5828327604873429,-0.40571338,0.5118846097400456,0.2959370978010002
364,0.32833704,0.4940135856256023,0.7035797653469107,0.37155543894679244,0.730525,0.2959370978010002,0.587610683353845
365,-0.07162209,0.9773005604163831,0.008960985132305798,0.7035797653469107,-1.520567,0.587610683353845,0.04945960722000622
366,0.67667246,0.08673486006515894,0.034097486805446456,0.008960985132305798,-1.4813479,0.04945960722000622,0.17759086481985584
367,0.47207582,0.3096998263608535,0.11737182668144605,0.034097486805446456,-1.2485851,0.17759086481985584,0.4863539904583643
368,0.091047764,0.8358519184866416,0.29243162261840794,0.11737182668144605,-0.65968907,0.4863539904583643,0.34189501100615793
369,0.2938525,0.5364330831188378,0.6303118336767863,0.29243162261840794,0.44910765,0.34189501100615793,0.5945176828738054
370,-0.06475432,0.9722509752570392,0.19388878338885276,0.6303118336767863,-1.0306675,0.5945176828738054,0.03864978382935118
371,0.65098774,0.10548155190251844,0.5920882078843559,0.19388878338885276,0.31488526,0.03864978382935118,0.13927858400228002
372,0.42258793,0.3689064185596013,0.6939439884517783,0.5920882078843559,0.6145328,0.13927858400228002,0.38941969401248144
373,0.04066635,0.9102493423675038,0.09024474786830544,0.6939439884517783,-1.3332831,0.38941969401248144,0.37631184827314546
374,0.46421957,0.31940992913774613,0.2896284056566077,0.09024474786830544,-0.6591269,0.37631184827314546,0.7316619490739745
375,0.0979961,0.8499324690382752,0.5200646795976729,0.2896284056566077,0.11206376,0.7316619490739745,0.20548619212889613
376,0.31355572,0.4986795475446543,0.6773891557773433,0.5200646795976729,0.5881563,0.20548619212889613,0.4793773939974233
377,-0.008751646,0.9774338581548943,0.07847496516498485,0.6773891557773433,-1.3643504,0.4793773939974233,0.24366560215995847
378,0.6720224,0.08623728826379326,0.2771419551154124,0.07847496516498485,-0.7403892,0.24366560215995847,0.6895760211597904
379,0.49204355,0.3080909365755139,0.688922902650342,0.2771419551154124,0.68533576,0.6895760211597904,0.5060652659832627
380,0.095442496,0.8334476781885168,0.1658196423441789,0.688922902650342,-1.097282,0.5060652659832627,0.3185513509174733
381,0.2861386,0.5427245053789452,0.43895937553686876,0.1658196423441789,-0.16997421,0.3185513509174733,0.579936533860632
382,-0.04205191,0.9703038594212904,0.4672375646590246,0.43895937553686876,-0.09178019,0.579936533860632,0.07262544587352047
383,0.64423484,0.11265699646457988,0.9192615092453867,0.4672375646590246,1.4433975,0.07262544587352047,0.25122229029040577
384,0.39058828,0.3908409829532097,0.13235096314302108,0.9192615092453867,-1.3144962,0.25122229029040577,0.5835133575710613
385,0.0146548,0.9308531509602319,0.3070616784961943,0.13235096314302108,-0.6513003,0.5835133575710613,0.10099116337814541
386,0.53309107,0.25165407472549217,0.7475716197616509,0.3070616784961943,0.88571084,0.10099116337814541,0.31609853169420854
387,0.17224827,0.7363033292634349,0.09296284055333519,0.7475716197616509,-1.199891,0.31609853169420854,0.4825513832863437
388,0.14123005,0.7591224058336714,0.24900165199363058,0.09296284055333519,-0.81674993,0.4825513832863437,0.4044807494772953
389,0.15905327,0.7149219216031117,0.526769385410241,0.24900165199363058,0.09873866,0.4044807494772953,0.49088146569901236
390,0.11829216,0.7968431357593949,0.48640380443336056,0.526769385410241,-0.034368344,0.49088146569901236,0.36639384578960954
391,0.2281749,0.6329286222800963,0.6208607933587309,0.48640380443336056,0.44589984,0.36639384578960954,0.5464816610140975
392,0.04836759,0.9083550954686834,0.26104507281345257,0.6208607933587309,-0.7953003,0.5464816610140975,0.19320363867197474
393,0.46625787,0.32547255934068015,0.6601104384757536,0.26104507281345257,0.5672089,0.19320363867197474,0.5125064056953527
394,0.07818746,0.8583499775960256,0.21443388746385425,0.6601104384757536,-0.961287,0.5125064056953527,0.289649040154489
395,0.343472,0.47536964571292817,0.54363210072869,0.21443388746385425,0.16010773,0.289649040154489,0.5907344849576281
396,-0.0735092,0.9750688006374484,0.3512167521913261,0.54363210072869,-0.44921696,0.5907344849576281,0.04455530491742045
397,0.66545844,0.09504490286689395,0.858987396046542,0.3512167521913261,1.2332928,0.04455530491742045,0.16025740452802148
398,0.4476248,0.3362840435557567,0.13591226887126917,0.858987396046542,-1.2152447,0.16025740452802148,0.4430936715700523
399,0.06607616,0.8726476402245865,0.32277340472111865,0.13591226887126917,-0.57540786,0.4430936715700523,0.3610664782979431
400,0.35561737,0.4345065367307174,0.6960115903872414,0.32277340472111865,0.64480007,0.3610664782979431,0.6584300779150546
401,0.0085075945,0.9606701635779004,0.043326833229456664,0.6960115903872414,-1.465746,0.6584300779150546,0.11022140582138609
402,0.61069995,0.14772256564510702,0.15586636869271492,0.043326833229456664,-1.1325284,0.11022140582138609,0.3589649089678728
403,0.32065433,0.49224150602966305,0.42803598338993115,0.15586636869271492,-0.21784508,0.3589649089678728,0.6250542310583168
404,-0.01259011,0.9772053300462403,0.4705521520314818,0.42803598338993115,-0.06339312,0.6250542310583168,0.03905298263006323
405,0.661795,0.08709024947672327,0.9338638573229723,0.4705521520314818,1.475471,0.03905298263006323,0.14179617164671562
406,0.46292734,0.31084778667646873,0.09985625368569687,0.9338638573229723,-1.3594204,0.14179617164671562,0.4079696020192126
407,0.085292645,0.8375549965822097,0.25548697435471396,0.09985625368569687,-0.7987424,0.4079696020192126,0.4110762773268914
408,0.2941934,0.5319491148140486,0.5892537282929293,0.25548697435471396,0.33186412,0.4110762773268914,0.6062111714878754
409,-0.032665595,0.9734498008033365,0.2758198155095567,0.5892537282929293,-0.7490616,0.6062111714878754,0.010478576396633053
410,0.5935166,0.10104893566029298,0.7546259034864133,0.2758198155095567,0.78515565,0.010478576396633053,0.03899082253259776
411,0.5133863,0.355155212907758,0.4130838941269107,0.7546259034864133,-0.10818154,0.03899082253259776,0.1251888170041267
412,0.05672303,0.8954138054569314,0.5184356826592309,0.4130838941269107,0.08406853,0.1251888170041267,0.2535745216937325
413,0.41770118,0.36614115421696475,0.7598783398153914,0.5184356826592309,0.8786235,0.2535745216937325,0.5964605594374782
414,0.008129232,0.9073848019449474,0.09616031789272314,0.7598783398153914,-1.3934329,0.5964605594374782,0.09490741337083057
415,0.47871673,0.3285671644321555,0.3053290362280314,0.09616031789272314,-0.59576976,0.09490741337083057,0.2878729015989272
416,0.07720388,0.8625358103311508,0.5248027563119088,0.3053290362280314,0.12192427,0.2878729015989272,0.4143311403297972
417,0.3464949,0.4635719081071243,0.6955506141144004,0.5248027563119088,0.6660749,0.4143311403297972,0.6501528385896639
418,-0.0016314536,0.9722523971071018,0.03503283380332931,0.6955506141144004,-1.4930784,0.6501528385896639,0.09954650699480949
419,0.6405331,0.10547630131727727,0.12892548662569273,0.03503283380332931,-1.2128927,0.09954650699480949,0.3349605764503741
420,0.43554652,0.3688902206744884,0.3865592672731937,0.12892548662569273,-0.3530277,0.3349605764503741,0.6795749426483644
421,0.049284674,0.9102327370582834,0.5187994126706665,0.3865592672731937,0.077363364,0.6795749426483644,0.11634516094279963
422,0.46768266,0.31946319714697347,0.7883133702793005,0.5187994126706665,0.9926213,0.11634516094279963,0.3447803245157151
423,0.0755338,0.8500076792261642,0.13464025268459215,0.7883133702793005,-1.26452,0.3447803245157151,0.42608755816840344
424,0.32472748,0.49847372735316675,0.380021577594738,0.13464025268459215,-0.37875664,0.42608755816840344,0.625640108594555
425,-0.012533873,0.9774315673721241,0.4896135277667331,0.380021577594738,-0.042100795,0.625640108594555,0.040748631465767994
426,0.6651902,0.0862458404367521,0.9353831460156303,0.4896135277667331,1.47996,0.040748631465767994,0.1477359145487154
427,0.45646095,0.3081186062297033,0.10260245568927602,0.9353831460156303,-1.3606999,0.1477359145487154,0.422251130830892
428,0.090703815,0.8334891973240499,0.26189570904070925,0.10260245568927602,-0.77409685,0.422251130830892,0.40451639488133745
429,0.2837191,0.5426162415376348,0.5941120544747478,0.26189570904070925,0.34496772,0.40451639488133745,0.600173943839795
430,-0.05050823,0.9703399829585966,0.26889829476123067,0.5941120544747478,-0.7809925,0.600173943839795,0.02750687671461981
431,0.6336122,0.11252414514059643,0.7393777082558456,0.26889829476123067,0.7909806,0.02750687671461981,0.1000218194108577
432,0.4200213,0.39043852874903934,0.41833206634433945,0.7393777082558456,-0.25391054,0.1000218194108577,0.29167542159393606
433,0.029835016,0.9305089941764809,0.4989986330975794,0.41833206634433945,0.014984123,0.29167542159393606,0.3843640400484305
434,0.5127252,0.25281309895541676,0.8365272351546014,0.4989986330975794,1.1195836,0.3843640400484305,0.7753262197166478
435,0.20004815,0.7385488410742858,0.19161368410956625,0.8365272351546014,-1.1131686,0.7753262197166478,0.21504639033201026
436,0.14409232,0.754953479989054,0.4396489392715685,0.19161368410956625,-0.18370736,0.21504639033201026,0.4071942152402815
437,0.15514351,0.723301107040484,0.5952338215081953,0.4396489392715685,0.3166449,0.4071942152402815,0.48449200275435944
438,0.12627593,0.7824866747127925,0.39904236913253827,0.5952338215081953,-0.33563727,0.48449200275435944,0.38466928955452895
439,0.19779165,0.665446610734235,0.6314583488736764,0.39904236913253827,0.44053864,0.38466928955452895,0.5265618914991228
440,0.07290106,0.8704203789648665,0.2674500995770332,0.6314583488736764,-0.7824278,0.5265618914991228,0.2586090067831891
441,0.3604426,0.4409772198537355,0.6330102665128261,0.2674500995770332,0.47019184,0.2586090067831891,0.5728480885963846
442,-0.004351005,0.9638202795400094,0.1942964615437076,0.6330102665128261,-1.0497938,0.5728480885963846,0.0934821050636528
443,0.62334514,0.13633635100266292,0.5859292981275201,0.1942964615437076,0.30142462,0.0934821050636528,0.31225319197428736
444,0.35321486,0.46036967236996973,0.6375613547957824,0.5859292981275201,0.43473,0.31225319197428736,0.6165083830967567
445,-0.01188834,0.9713001470755728,0.17861110801057112,0.6375613547957824,-1.0820519,0.6165083830967567,0.012154013614956362
446,0.5990002,0.10898921504961545,0.5554524912849498,0.17861110801057112,0.16184413,0.012154013614956362,0.044993952284702037
447,0.48430026,0.37967926900416565,0.7241660431997337,0.5554524912849498,0.9475597,0.044993952284702037,0.14167382923047725
448,0.036629766,0.920838734413853,0.001192602329736146,0.7241660431997337,-1.4518692,0.14167382923047725,0.2721602796345221
449,0.49122798,0.28500121223306,0.004294804548580336,0.001192602329736146,-1.6105009,0.2721602796345221,0.6549779506592416
450,0.031110428,0.7967139323505618,0.01281424226634154,0.004294804548580336,-1.6434363,0.6549779506592416,0.06762879399757533
451,0.2487889,0.6332284604041742,0.04028102839568283,0.01281424226634154,-1.5160652,0.06762879399757533,0.18005275136869128
452,0.040829226,0.9080430806082256,0.10916455870591271,0.04028102839568283,-1.306367,0.18005275136869128,0.32240859416707757
453,0.46904224,0.3264684867931176,0.3412936703067633,0.10916455870591271,-0.4846791,0.32240859416707757,0.6914239425064235
454,0.0890684,0.8597052634751159,0.5393630700385769,0.3412936703067633,0.19179964,0.6914239425064235,0.09570636317872842
455,0.3651048,0.4715647814424901,0.6787827726221759,0.5393630700385769,0.6612593,0.09570636317872842,0.26853415902805416
456,-0.0036533922,0.9742793909986553,0.07743929355152486,0.6787827726221759,-1.3742284,0.26853415902805416,0.3597994915913207
457,0.63704103,0.0979749752660407,0.2727254015897522,0.07743929355152486,-0.7610568,0.3597994915913207,0.8477931656911939
458,0.43845725,0.34552871726996204,0.6706157917784852,0.2727254015897522,0.597582,0.8477931656911939,0.046517984301108616
459,-0.0023481995,0.8841483526763212,0.16960227178708598,0.6706157917784852,-1.316341,0.046517984301108616,0.1093933847495483
460,0.3890704,0.40047716209324785,0.4749814581797703,0.16960227178708598,-0.06922663,0.1093933847495483,0.31326255296622213
461,0.019126177,0.9387152761102993,0.45586394314479883,0.4749814581797703,-0.15218979,0.31326255296622213,0.38226716989779713
462,0.5353949,0.22492437287985653,0.8567887521500966,0.45586394314479883,1.2234093,0.38226716989779713,0.7909577776688382
463,0.23258968,0.6816022223363013,0.20698957175623361,0.8567887521500966,-1.1590477,0.7909577776688382,0.1972189328938392
464,0.08165846,0.8484991755885285,0.43947422232226,0.20698957175623361,-0.16753876,0.1972189328938392,0.3582898393386401
465,0.3145913,0.5025934448247328,0.7100369113905686,0.43947422232226,0.69823444,0.3582898393386401,0.6190104967660953
466,-0.015035376,0.9774143783042399,0.009130459236365737,0.7100369113905686,-1.5187933,0.6190104967660953,0.02421098994774814
467,0.63785917,0.08631001102703752,0.034740840746870526,0.009130459236365737,-1.4917051,0.02421098994774814,0.08934530864384779
468,0.5008876,0.30832620516529896,0.11955472705790207,0.034740840746870526,-1.2394661,0.08934530864384779,0.27578627720162685
469,0.09384321,0.8338005147161316,0.2971313900964237,0.11955472705790207,-0.6410488,0.27578627720162685,0.4224313589788817
470,0.290057,0.541804031762612,0.6330477576093474,0.2971313900964237,0.45613933,0.4224313589788817,0.5976220001723158
471,-0.057227463,0.9706080635450397,0.18913142637829522,0.6330477576093474,-1.0500598,0.5976220001723158,0.03311789703328149
472,0.6403736,0.11153790787419447,0.5797532684196509,0.18913142637829522,0.27339017,0.03311789703328149,0.11974756353460919
473,0.40356654,0.3874465479682268,0.6949698703949746,0.5797532684196509,0.6089859,0.11974756353460919,0.3404991079734704
474,0.029377677,0.9279107082728659,0.073047750592261,0.6949698703949746,-1.3818582,0.3404991079734704,0.3849134243573947
475,0.50562304,0.2615335111444819,0.2443912472327201,0.073047750592261,-0.83647835,0.3849134243573947,0.7703414613786824
476,0.1903204,0.7551070682560159,0.5098414924786393,0.2443912472327201,0.13811576,0.7703414613786824,0.2186124429078139
477,0.16358632,0.7229948189061483,0.549341346438628,0.5098414924786393,0.16130209,0.2186124429078139,0.42184667413600874
478,0.12269747,0.7830211202980341,0.46733542800398725,0.549341346438628,-0.10644258,0.42184667413600874,0.438184943145385
479,0.20378882,0.6642649508590717,0.6143357978154778,0.46733542800398725,0.40872163,0.438184943145385,0.5086938222216035
480,0.06863025,0.8719436495792544,0.3005677856329914,0.6143357978154778,-0.6785126,0.5086938222216035,0.28425370584531795
481,0.37315452,0.4365559768751919,0.6737168862851695,0.3005677856329914,0.61057234,0.28425370584531795,0.6030455920210451
482,-0.04685919,0.9617033170451712,0.1003413006125045,0.6737168862851695,-1.3383213,0.6030455920210451,0.029016902253781122
483,0.622678,0.14399674414405936,0.33885788423380026,0.1003413006125045,-0.5204662,0.029016902253781122,0.10390870443639143
484,0.34693283,0.48192392601580325,0.690197637394532,0.33885788423380026,0.6771183,0.10390870443639143,0.2865188873063009
485,-0.0014405772,0.9761631819304005,0.04613828330168691,0.690197637394532,-1.4551367,0.2865188873063009,0.3628476951915159
486,0.6423667,0.09097479889377293,0.16856611430274682,0.04613828330168691,-1.0938104,0.3628476951915159,0.8546226426796303
487,0.44379252,0.32333106054087046,0.488151169245175,0.16856611430274682,-0.042177327,0.8546226426796303,0.053760041956661356
488,0.07534763,0.8554094973558938,0.49125859875094524,0.488151169245175,-0.019209571,0.053760041956661356,0.12732057407631184
489,0.3436445,0.4835754385926779,0.704445048676809,0.49125859875094524,0.7334841,0.12732057407631184,0.3390588223718634
490,0.003075868,0.9763859533015543,0.007330686840869516,0.704445048676809,-1.5166098,0.3390588223718634,0.3594246202859418
491,0.6464965,0.09014514460196421,0.027911582681380925,0.007330686840869516,-1.5093237,0.3594246202859418,0.8518514471638472
492,0.43802607,0.3206748172073364,0.09639688109425489,0.027911582681380925,-1.3173748,0.8518514471638472,0.06638921304170442
493,0.0976168,0.8517123983229218,0.24633654676423228,0.09639688109425489,-0.8177134,0.06638921304170442,0.15432816146683612
494,0.3385609,0.49379672995734425,0.5881545622477159,0.24633654676423228,0.33013952,0.15432816146683612,0.39216615430067947
495,-0.0013899207,0.9772902253412142,0.2751824908457597,0.5881545622477159,-0.7418374,0.39216615430067947,0.33351279870026
496,0.6678698,0.08677343287504807,0.758220666679751,0.2751824908457597,0.8600395,0.33351279870026,0.8260839391411829
497,0.32963055,0.3098244700160202,0.44496193658192745,0.758220666679751,-0.71641475,0.8260839391411829,0.1618908216878363
498,0.090872064,0.8360373346131823,0.5337665690993402,0.44496193658192745,0.15471685,0.1618908216878363,0.319695489513008
499,0.29090977,0.5359460083895144,0.6428681639036194,0.5337665690993402,0.4648881,0.319695489513008,0.5839838650394221
500,-0.059869543,0.9723888101345305,0.16581793223525562,0.6428681639036194,-1.1196665,0.5839838650394221,0.061956337683217656
501,0.6681192,0.10497248395134563,0.5248201133889094,0.16581793223525562,0.11634647,0.061956337683217656,0.21765444376828885
502,0.42572886,0.3673349576817495,0.7552831072902597,0.5248201133889094,0.8893182,0.21765444376828885,0.5422130329442789
503,0.046720877,0.9086287990633191,0.08300512561744991,0.7552831072902597,-1.3690175,0.5422130329442789,0.20053591282328134
504,0.46667713,0.32459829171730753,0.26825384933056284,0.08300512561744991,-0.7350141,0.20053591282328134,0.5264667685650801
505,0.080053315,0.8571538571470919,0.5020010657084542,0.26825384933056284,0.020940654,0.5264667685650801,0.2697116832855609
506,0.33789182,0.4787157331084182,0.7014713793800489,0.5020010657084542,0.7120558,0.2697116832855609,0.5697394222013
507,-0.013710991,0.9756694744307522,0.016119216410406405,0.7014713793800489,-1.5180162,0.5697394222013,0.08933162729750692
508,0.65070844,0.09281210164102928,0.060764460240666285,0.016119216410406405,-1.4120477,0.08933162729750692,0.305940583759325
509,0.46452975,0.32919426020839077,0.20137546745017643,0.060764460240666285,-0.9689361,0.305940583759325,0.6745522168560416
510,0.0833956,0.8633749093902902,0.42846875461320255,0.20137546745017643,-0.19650424,0.6745522168560416,0.05263365510256709
511,0.3999834,0.4611904286311112,0.7318340370206753,0.42846875461320255,0.9141513,0.05263365510256709,0.15742468917314273
512,0.0042353794,0.9715518577477065,0.0672344586926126,0.7318340370206753,-1.4633473,0.15742468917314273,0.2801770305470276
513,0.65027803,0.10806132705150834,0.23868924575590608,0.0672344586926126,-0.86638296,0.2801770305470276,0.7432087474934309
514,0.3866884,0.3768388678255553,0.6101160059035843,0.23868924575590608,0.34079778,0.7432087474934309,0.30902395229742297
515,0.035865724,0.9181347965976326,0.2753180643047883,0.6101160059035843,-0.7626634,0.30902395229742297,0.39220382419911337
516,0.47627312,0.2938706350382188,0.6910002723534157,0.2753180643047883,0.6591605,0.39220382419911337,0.7538325369343513
517,0.15858626,0.8113175358382361,0.17874857071040573,0.6910002723534157,-0.87966156,0.7538325369343513,0.23158696547389176
518,0.2433743,0.5985119161552167,0.452276594664934,0.17874857071040573,-0.14571941,0.23158696547389176,0.48031247351029593
519,0.02616708,0.9394980013776817,0.47414474282691854,0.452276594664934,-0.053962,0.48031247351029593,0.27095471847854374
520,0.54640085,0.22223680308452806,0.8584773466718875,0.47414474282691854,1.2266033,0.27095471847854374,0.6800269767177001
521,0.038963772,0.675793124576408,0.2072142685305764,0.8584773466718875,-1.1319481,0.6800269767177001,0.1323863430787928
522,0.08323914,0.8566164079518315,0.43777803818586764,0.2072142685305764,-0.16457212,0.1323863430787928,0.2724724272897429
523,0.33751088,0.48021557772222057,0.7218128183182715,0.43777803818586764,0.755322,0.2724724272897429,0.5719811993757372
524,-0.02231513,0.9759103027241992,0.041513470582150394,0.7218128183182715,-1.4909309,0.5719811993757372,0.08443995693918241
525,0.65084195,0.09191611174705709,0.15238017844294546,0.041513470582150394,-1.1408647,0.08443995693918241,0.2909257623546817
526,0.461339,0.32633827519836967,0.45046137762644806,0.15238017844294546,-0.15541542,0.2909257623546817,0.6598755857351944
527,0.08241919,0.8595285086349191,0.5180781358896822,0.45046137762644806,0.12930655,0.6598755857351944,0.00953852490458391
528,0.44291407,0.47206182195237645,0.6951721993419548,0.5180781358896822,0.93678033,0.00953852490458391,0.029978239704551234
529,-0.16191958,0.9743889420091735,0.03429410447429571,0.6951721993419548,-1.4903961,0.029978239704551234,0.06819942024897435
530,0.6722548,0.09756864311156975,0.1266275466966316,0.03429410447429571,-1.2120672,0.06819942024897435,0.23870915924558997
531,0.44419205,0.3442507077431324,0.3845074057174433,0.1266275466966316,-0.3653406,0.23870915924558997,0.5836008381603052
532,0.07439324,0.882598269192634,0.5317257130111642,0.3845074057174433,0.14061272,0.5836008381603052,0.14496974305675958
533,0.39874387,0.4051239982422852,0.7269740485764954,0.5317257130111642,0.79210705,0.14496974305675958,0.393863535729237
534,0.019951053,0.9422471194104738,0.02765638749860371,0.7269740485764954,-1.4604763,0.393863535729237,0.35398018571157763
535,0.54916394,0.21275945458243412,0.09907381195839193,0.02765638749860371,-1.3099734,0.35398018571157763,0.7784381278527474
536,0.25523084,0.6548573721304672,0.27520206860474183,0.09907381195839193,-0.69758284,0.7784381278527474,0.12323931830990355
537,0.06387278,0.8836814155233913,0.4988282167824336,0.27520206860474183,0.013578765,0.12323931830990355,0.25283515071809853
538,0.38399243,0.40187892245623785,0.7486175331475734,0.4988282167824336,0.8250464,0.25283515071809853,0.5812842321043651
539,0.007000707,0.9397984735467518,0.09019920838378537,0.7486175331475734,-1.4211084,0.5812842321043651,0.09753104002319708
540,0.56087005,0.22120382767436975,0.2999768113686978,0.09019920838378537,-0.6457361,0.09753104002319708,0.3112489151428616
541,0.2088854,0.6735453545245755,0.5889965174169298,0.2999768113686978,0.3278854,0.3112489151428616,0.5116984740087093
542,0.07724725,0.859686480970448,0.35555916943562016,0.5889965174169298,-0.46891063,0.5116984740087093,0.28974076717875724
543,0.3464295,0.4716176100732088,0.7051352638492607,0.35555916943562016,0.7223389,0.28974076717875724,0.5925222048264617
544,-0.06911962,0.9742911265285257,0.007166133630392597,0.7051352638492607,-1.5224491,0.5925222048264617,0.041259861228291665
545,0.65919197,0.09793145187506787,0.027223692415843864,0.007166133630392597,-1.5068437,0.041259861228291665,0.14875059012666375
546,0.4310341,0.3453918877779983,0.09329901959261278,0.027223692415843864,-1.3261822,0.14875059012666375,0.4158646004787104
547,0.057974078,0.8839830042115261,0.23599826214424133,0.09329901959261278,-0.86667526,0.4158646004787104,0.3758803962384445
548,0.37994045,0.4009737384758646,0.5990040386013237,0.23599826214424133,0.31861198,0.3758803962384445,0.6833799981685084
549,0.028003596,0.9391007583566799,0.2816932133557661,0.5990040386013237,-0.7114498,0.6833799981685084,0.15812880188302267
550,0.54399043,0.22360137761497476,0.7233347218026818,0.2816932133557661,0.7639029,0.15812880188302267,0.4664711081736556
551,0.1986683,0.6787496679899648,0.20832110581405808,0.7233347218026818,-0.95616126,0.4664711081736556,0.47920511333441457
552,0.07839654,0.8525181119653812,0.4402171825299539,0.20832110581405808,-0.16378939,0.47920511333441457,0.33777583244763415
553,0.31890228,0.4915782988162078,0.7156836546317294,0.4402171825299539,0.7082415,0.33777583244763415,0.616569683375332
554,-0.015851215,0.9771633750780833,0.02492550190687789,0.7156836546317294,-1.505433,0.616569683375332,0.01797266106068163
555,0.6237899,0.08724679836389936,0.09326002278054184,0.02492550190687789,-1.3254124,0.01797266106068163,0.06673730078099296
556,0.47600538,0.31135314937387665,0.299085535936307,0.09326002278054184,-0.6264733,0.06673730078099296,0.21159962186296727
557,0.08705093,0.8383014701920056,0.5300082651036327,0.299085535936307,0.120656125,0.21159962186296727,0.37586931383053074
558,0.29566607,0.5299766042792955,0.6499384632690042,0.5300082651036327,0.49439657,0.37586931383053074,0.6073359345499059
559,-0.028076917,0.9739273749285828,0.14833944593697423,0.6499384632690042,-1.1697806,0.6073359345499059,0.007364994138871171
560,0.56228155,0.09927999157504437,0.4807222168751425,0.14833944593697423,-0.10699356,0.007364994138871171,0.027515506546098446
561,0.5113729,0.3496245665349602,0.7854794762320387,0.4807222168751425,1.1384871,0.027515506546098446,0.08982129132437361
562,0.053534836,0.889030106619048,0.16163695982035703,0.7854794762320387,-1.2913408,0.08982129132437361,0.19529015454613607
563,0.4192583,0.38571989183220257,0.4605723580926348,0.16163695982035703,-0.1107725,0.19529015454613607,0.49799248673407936
564,0.037763543,0.9263793967002932,0.4749232898574552,0.4605723580926348,-0.04522086,0.49799248673407936,0.25665497455516023
565,0.5062733,0.26664820142052115,0.8334790550211567,0.4749232898574552,1.1337914,0.25665497455516023,0.6406518813746436
566,0.04839988,0.7645421248350985,0.20652541916224026,0.8334790550211567,-1.182467,0.6406518813746436,0.13445499330352695
567,0.17539153,0.7038255669711745,0.474210669534601,0.20652541916224026,-0.067442544,0.13445499330352695,0.3078563151255933
568,0.11266653,0.8150101243125457,0.5259577267393557,0.474210669534601,0.14503497,0.3078563151255933,0.4419184203474679
569,0.2545678,0.5894695331046469,0.6163574624836997,0.5259577267393557,0.3857373,0.4419184203474679,0.5583947205668643
570,0.026954949,0.9461438170744936,0.2425445409636216,0.6163574624836997,-0.837923,0.5583947205668643,0.13824406503006154
571,0.56874806,0.1992246736947675,0.6672425624636428,0.2425445409636216,0.58428013,0.13824406503006154,0.4238744417305439
572,0.22669172,0.6237408767251017,0.3831607111594558,0.6672425624636428,-0.46502385,0.4238744417305439,0.5427996279791846
573,0.04118763,0.9175751527963198,0.516044908789915,0.3831607111594558,0.058767192,0.5427996279791846,0.1918891423160709
574,0.4825309,0.29569923063453796,0.8042391022418989,0.516044908789915,1.0299332,0.1918891423160709,0.5189679120869028
575,0.10954088,0.8142518547212771,0.15384702884086762,0.8042391022418989,-1.1957432,0.5189679120869028,0.31604353081158465
576,0.2569464,0.5913350772517171,0.40568172732536634,0.15384702884086762,-0.27397215,0.31604353081158465,0.5543856222907985
577,0.026902042,0.9448250580932579,0.4972745848829976,0.40568172732536634,0.0133118555,0.5543856222907985,0.14711181141598287
578,0.55991864,0.2038185401105127,0.8658376420236149,0.4972745848829976,1.2297115,0.14711181141598287,0.4448897351016182
579,0.2254941,0.6344627743211841,0.1917882031489941,0.8658376420236149,-1.1742907,0.4448897351016182,0.525575446062378
580,0.05149877,0.9067512363010006,0.4054792682428943,0.1917882031489941,-0.28414834,0.525575446062378,0.23021258843663564
581,0.45698214,0.3305838537484008,0.7919684684685563,0.4054792682428943,1.0193173,0.23021258843663564,0.5754309904040159
582,0.084848434,0.8652233284302199,0.1609329807595204,0.7919684684685563,-1.2473549,0.5754309904040159,0.17705074336364796
583,0.3642782,0.455924936730966,0.44564824718648754,0.1609329807595204,-0.1512779,0.17705074336364796,0.4446496308424645
584,0.0036761463,0.9698455263759965,0.4628452176334459,0.44564824718648754,-0.102604754,0.4446496308424645,0.2918449787382435
585,0.64710027,0.1143417191982874,0.9177135441253821,0.4628452176334459,1.4399322,0.2918449787382435,0.7579348258495126
586,0.17627731,0.3959326389124522,0.13205402809846603,0.9177135441253821,-1.259604,0.7579348258495126,0.2486930895358819
587,0.016127244,0.9350978839836028,0.3058643226496041,0.13205402809846603,-0.6513206,0.2486930895358819,0.3678414795659072
588,0.5296192,0.23728283894088564,0.751300255019116,0.3058643226496041,0.87576747,0.3678414795659072,0.7747840783480099
589,0.2105832,0.7075876544054406,0.10790101952842436,0.751300255019116,-1.098831,0.7747840783480099,0.17563036717464864
590,0.11056614,0.808958701081958,0.27629713710143816,0.10790101952842436,-0.7205998,0.17563036717464864,0.3448253724016018
591,0.2511662,0.6042324039172298,0.5909538274040217,0.27629713710143816,0.33136332,0.3448253724016018,0.5589883601870627
592,0.03447199,0.9349634726654498,0.2995578254960925,0.5909538274040217,-0.6350505,0.5589883601870627,0.14689093148178245
593,0.5285049,0.23774007041651046,0.7430964996923732,0.2995578254960925,0.8414633,0.14689093148178245,0.43653488471978946
594,0.17421661,0.7085261383998853,0.1299353364107647,0.7430964996923732,-1.1790951,0.43653488471978946,0.4793017909898688
595,0.1081933,0.8074318756655654,0.32166500579540985,0.1299353364107647,-0.56225026,0.4793017909898688,0.37155142980305106
596,0.24343123,0.6079119629141052,0.629046349918644,0.32166500579540985,0.44779742,0.37155142980305106,0.5612378625085177
597,0.036992177,0.9319115208404563,0.226655191067532,0.629046349918644,-0.8929199,0.5612378625085177,0.14521849506281959
598,0.519631,0.24808397601252397,0.6246314519151115,0.226655191067532,0.44110215,0.14521849506281959,0.43016120116252227
599,0.15912412,0.7293205535200437,0.38562923931751947,0.6246314519151115,-0.418391,0.43016120116252227,0.4690250476200734
600,0.13303697,0.77183440166464,0.5820978866374772,0.38562923931751947,0.28571486,0.4690250476200734,0.4086654162977029
601,0.17716043,0.688532897230807,0.4850799072486902,0.5820978866374772,-0.07006154,0.4086654162977029,0.5061675032773135
602,0.0919477,0.8384695153621579,0.5037624256712081,0.4850799072486902,0.043366246,0.5061675032773135,0.31442657377969235
603,0.2963449,0.529531954413785,0.6701522251450649,0.5037624256712081,0.59531105,0.31442657377969235,0.5840170381348194
604,-0.061752602,0.9740308290974761,0.09945738153942846,0.6701522251450649,-1.3130552,0.5840170381348194,0.06038002933936499
605,0.6733991,0.09889656025499317,0.3415254877257422,0.09945738153942846,-0.51597154,0.06038002933936499,0.21306529914701935
606,0.44601828,0.34842253257859984,0.7459725957793366,0.3415254877257422,0.84877217,0.21306529914701935,0.5409334604994956
607,0.06441741,0.8876110283758707,0.03604949479452372,0.7459725957793366,-1.3748652,0.5409334604994956,0.22060577352437086
608,0.40194517,0.3900288981426313,0.12038814349648873,0.03604949479452372,-1.2338063,0.22060577352437086,0.5391615216723413
609,0.03188002,0.9301573999254489,0.285085035720817,0.12038814349648873,-0.6985997,0.5391615216723413,0.18765468021062606
610,0.5041694,0.2539962140902342,0.7179814661539741,0.285085035720817,0.73982406,0.18765468021062606,0.5229035949451559
611,0.16242784,0.7408301929512688,0.16920906676503858,0.7179814661539741,-1.0522661,0.5229035949451559,0.37057972232441716
612,0.14668763,0.7506776373742035,0.4040467174878632,0.16920906676503858,-0.3040527,0.37057972232441716,0.47821344116653947
613,0.16057615,0.7317540103987545,0.5997128983402032,0.4040467174878632,0.3459214,0.47821344116653947,0.42950244401815524
614,0.13430333,0.7674476280951195,0.4021223010672083,0.5997128983402032,-0.33714044,0.42950244401815524,0.4437353727780571
615,0.18286198,0.69778225473487,0.6160673910804371,0.4021223010672083,0.4021058,0.4437353727780571,0.4821575038021963
616,0.09766524,0.8244992804982797,0.3317838641095254,0.6160673910804371,-0.5849312,0.4821575038021963,0.35546176719891515
617,0.27496135,0.5657435110505196,0.6521467668233583,0.3317838641095254,0.52963793,0.35546176719891515,0.5828631714299556
618,-0.035782635,0.9605418627042984,0.15349095190655684,0.6521467668233583,-1.185433,0.5828631714299556,0.07522718940081911
619,0.61038077,0.1481846695214467,0.48541941894608276,0.15349095190655684,-0.026679404,0.07522718940081911,0.25526347151019174
620,0.32211125,0.49351360204513756,0.7015416742569094,0.48541941894608276,0.68496466,0.25526347151019174,0.5477546596001418
621,0.0041493326,0.9772761783488843,0.014593039747455946,0.7015416742569094,-1.5113504,0.5477546596001418,0.13171669239999584
622,0.6620049,0.08682585805013225,0.05520240002316514,0.014593039747455946,-1.4252402,0.13171669239999584,0.43044861026173964
623,0.47282988,0.30999385736450524,0.18540705687601516,0.05520240002316514,-1.026713,0.43044861026173964,0.7519150903553348
624,0.21067832,0.836289115376574,0.4121070333638925,0.18540705687601516,-0.14491451,0.7519150903553348,0.254791131768137
625,0.2925663,0.5352841681899635,0.6943552289748239,0.4121070333638925,0.66332996,0.254791131768137,0.5305227086230551
626,0.0020335913,0.9725731280551752,0.037981997860699925,0.6943552289748239,-1.4775261,0.5305227086230551,0.16732727560074553
627,0.6633165,0.10429150721217757,0.13939035456238708,0.037981997860699925,-1.1751446,0.16732727560074553,0.518879394850122
628,0.42886782,0.36522965670016355,0.41278810306342595,0.13939035456238708,-0.2763325,0.518879394850122,0.6815469604976078
629,0.05240634,0.906427477629142,0.5131680098399896,0.41278810306342595,0.07348227,0.6815469604976078,0.11788496475482943
630,0.4563619,0.3316131912859544,0.7837758513340755,0.5131680098399896,0.97348034,0.11788496475482943,0.3463855966110253
631,0.06403693,0.8665828047719407,0.1352096725991853,0.7837758513340755,-1.2857686,0.3463855966110253,0.4168876338968691
632,0.35569575,0.45203521889555226,0.3887526084664055,0.1352096725991853,-0.35481727,0.4168876338968691,0.657528346572715
633,0.0026860163,0.9684457960465243,0.4916111368997618,0.3887526084664055,-0.039303668,0.657528346572715,0.11576374737780264
634,0.63286734,0.11947662489375276,0.9160024564587689,0.4916111368997618,1.4035498,0.11576374737780264,0.37962741915703097
635,0.3729378,0.41131470315849117,0.14229488128318454,0.9160024564587689,-1.3041046,0.37962741915703097,0.6784591133824526
636,0.021839723,0.9466900714394795,0.32188714708977045,0.14229488128318454,-0.58875716,0.6784591133824526,0.15197574622680013
637,0.5682378,0.19731782609057402,0.7855382745246554,0.32188714708977045,0.9976361,0.15197574622680013,0.4582503071710096
638,0.23905832,0.6192419069655599,0.08886198932221057,0.7855382745246554,-1.1215609,0.4582503071710096,0.5282938673249533
639,0.032921627,0.9218491966734386,0.22234920740664635,0.08886198932221057,-0.9167849,0.5282938673249533,0.21326452469308546
640,0.49092275,0.2816720322820733,0.6077056160389573,0.22234920740664635,0.37972844,0.21326452469308546,0.563597114510979
641,0.121164575,0.791073619744654,0.3713455906600961,0.6077056160389573,-0.44072583,0.563597114510979,0.2650947683827189
642,0.21339452,0.646190518344916,0.6366430647401675,0.3713455906600961,0.49155962,0.2650947683827189,0.49516126226063295
643,0.053561896,0.8938825261493489,0.23896165747045256,0.6366430647401675,-0.8890822,0.49516126226063295,0.28592663830693066
644,0.42453402,0.3708666229872151,0.6122438216331801,0.23896165747045256,0.38834536,0.28592663830693066,0.6341742401700237
645,0.032705165,0.9122437046429651,0.27540799773672797,0.6122438216331801,-0.78874785,0.6341742401700237,0.0023079900683582884
646,0.35852337,0.31299655339158333,0.6848974230452525,0.27540799773672797,0.50919116,0.0023079900683582884,0.007894840741551296
647,0.24931109,0.8407151434586889,0.16983394516791284,0.6848974230452525,-0.50409555,0.007894840741551296,0.02029900399332128
648,0.4244609,0.5235687993850424,0.45074620505034696,0.16983394516791284,-0.044845946,0.02029900399332128,0.06130091624245491
649,-0.036964044,0.9752688477428959,0.45618757471861987,0.45074620505034696,-0.13125992,0.06130091624245491,0.13184491018134173
650,0.6561347,0.09430160890398531,0.927302767521756,0.45618757471861987,1.4416869,0.13184491018134173,0.4292556471253482
651,0.45510608,0.33392820101200743,0.10048208474872138,0.927302767521756,-1.3452228,0.4292556471253482,0.7357270341886247
652,0.18839327,0.8696100360125961,0.2530301288527674,0.10048208474872138,-0.7288605,0.7357270341886247,0.24105706202601457
653,0.34739095,0.4433218202166737,0.6125657182612845,0.2530301288527674,0.37661314,0.24105706202601457,0.5496701599465669
654,0.012659788,0.9648808906916901,0.23663381704686876,0.6125657182612845,-0.8608119,0.5496701599465669,0.1387341738498961
655,0.62342787,0.1324852706428988,0.6751786185214887,0.23663381704686876,0.61075985,0.1387341738498961,0.43963081757508743
656,0.36733276,0.4493604581962852,0.5058636831261895,0.6751786185214887,-0.0032144636,0.43963081757508743,0.6560436415112104
657,0.0031369552,0.9674146236288454,0.4067308225577567,0.5058636831261895,-0.30599385,0.6560436415112104,0.11062271837813327
658,0.6273393,0.12324967668769793,0.892159744999823,0.4067308225577567,1.3022261,0.11062271837813327,0.3643434166580705
659,0.3649571,0.42248580572490463,0.06650609292299105,0.892159744999823,-1.2574698,0.3643434166580705,0.6665932334404716
660,0.014886506,0.9539490602687081,0.16974780044868182,0.06650609292299105,-1.1018044,0.6665932334404716,0.12589561477884206
661,0.59644693,0.1717568555493423,0.5212178748172142,0.16974780044868182,0.09025871,0.12589561477884206,0.3975304565107568
662,0.27079958,0.556188915712647,0.6410635151962925,0.5212178748172142,0.45320475,0.3975304565107568,0.5922354692431816
663,-0.06811811,0.9650967948826367,0.17544382013153806,0.6410635151962925,-1.1068752,0.5922354692431816,0.050444955166620856
664,0.6454817,0.13170024471725106,0.5430804731146183,0.17544382013153806,0.17510426,0.050444955166620856,0.17737684521931962
665,0.37115622,0.4471020484908326,0.6912159398654151,0.5430804731146183,0.6638743,0.17737684521931962,0.4476960633930336
666,0.0052020475,0.9665004035046154,0.05133172448784283,0.6912159398654151,-1.4442447,0.4476960633930336,0.29084591733778903
667,0.63544154,0.12658784737711384,0.18432671661886108,0.05133172448784283,-1.0402604,0.29084591733778903,0.7508938338984157
668,0.14896247,0.43227651771005227,0.49858272650360397,0.18432671661886108,-0.21843994,0.7508938338984157,0.2243135409002634
669,0.0045719743,0.959508665653013,0.41985332165764516,0.49858272650360397,-0.2770865,0.2243135409002634,0.3446348567572068
670,0.5917612,0.15190126450372318,0.8849897524748517,0.41985332165764516,1.2736424,0.3446348567572068,0.803405472507997
671,0.3843524,0.5036840564423782,0.12595513232966976,0.8849897524748517,-1.2487333,0.803405472507997,0.01536814186014742
672,0.061228,0.9773876108340416,0.2884661101428453,0.12595513232966976,-0.63556397,0.01536814186014742,0.03576998366322575
673,0.6560941,0.08640993531034842,0.7798363344860405,0.2884661101428453,0.9174361,0.03576998366322575,0.13037460417590835
674,0.47788417,0.30864940713172956,0.3922645238920392,0.7798363344860405,-0.478921,0.13037460417590835,0.38139547709401733
675,0.08751019,0.8342845207998659,0.552873059680063,0.3922645238920392,0.16973901,0.38139547709401733,0.4259916891307249
676,0.29183397,0.5405397817584081,0.6212235454760054,0.552873059680063,0.3890982,0.4259916891307249,0.5975572620375618
677,-0.057210162,0.9710150822228074,0.21426318912484602,0.6212235454760054,-0.96624994,0.5975572620375618,0.032884557095692275
678,0.6407771,0.11003945922877964,0.6359380898995541,0.21426318912484602,0.45941937,0.032884557095692275,0.11901121277368024
679,0.40550053,0.3828860977715661,0.6248661434226911,0.6359380898995541,0.38379958,0.11901121277368024,0.3396000309688066
680,0.031393193,0.9238156754810382,0.24143262187724496,0.6248661434226911,-0.88278186,0.3396000309688066,0.387275004817962
681,0.4937709,0.2751701670931627,0.6435526528997926,0.24143262187724496,0.4915222,0.387275004817962,0.7632001275682005
682,0.17682396,0.7798082160839175,0.3108625682983281,0.6435526528997926,-0.48430103,0.7632001275682005,0.22478174785687377
683,0.19591573,0.671335040226486,0.5978400566437613,0.3108625682983281,0.33715165,0.22478174785687377,0.4465249493520145
684,0.0725169,0.8626668698831721,0.3379431088425481,0.5978400566437613,-0.5480608,0.4465249493520145,0.3648446983596358
685,0.33800954,0.4632003057340473,0.6970382429901423,0.3379431088425481,0.6576426,0.3648446983596358,0.6434982436152653
686,-0.0032175332,0.9721460061336706,0.031106813414749006,0.6970382429901423,-1.5036227,0.6434982436152653,0.08163157156141347
687,0.6426801,0.10586913654435011,0.1149443019395732,0.031106813414749006,-1.2542232,0.08163157156141347,0.2803624560817625
688,0.42292577,0.37010150931605035,0.3508112574644472,0.1149443019395732,-0.46908653,0.2803624560817625,0.6282855109924941
689,0.009422928,0.9114688333741405,0.519758085973263,0.3508112574644472,-0.0064842775,0.6282855109924941,0.01755530561967997
690,0.54044455,0.3154920422421007,0.7902469164430331,0.519758085973263,1.1580609,0.01755530561967997,0.05893254489191259
691,0.12509933,0.8443398944966535,0.13569717187116787,0.7902469164430331,-1.2146231,0.05893254489191259,0.139398624198429
692,0.32764065,0.513860256652351,0.3799694028780944,0.13569717187116787,-0.36874712,0.139398624198429,0.3580016710063535
693,0.0040708035,0.9766895835295647,0.48995797621382925,0.3799694028780944,-0.031970747,0.3580016710063535,0.3527473099784866
694,0.65339744,0.08901372753080795,0.9337715471119336,0.48995797621382925,1.4525446,0.3527473099784866,0.8458863075901821
695,0.42205936,0.31704376716108496,0.10635039428170519,0.9337715471119336,-1.349333,0.8458863075901821,0.09052348181850395
696,0.07996976,0.8465692542526577,0.26824524396564803,0.10635039428170519,-0.75189126,0.09052348181850395,0.20259543165698984
697,0.30793148,0.5078381076102914,0.6128355654855225,0.26824524396564803,0.40375984,0.20259543165698984,0.47201984190293295
698,-0.007397726,0.9772004752852044,0.22715515257339847,0.6128355654855225,-0.90679604,0.47201984190293295,0.2537142742033587
699,0.6699755,0.0871083650185926,0.6688163296057363,0.22715515257339847,0.5721258,0.2537142742033587,0.7076718607231636
700,0.47971892,0.3109062760992483,0.6274133810376326,0.6688163296057363,0.45373315,0.7076718607231636,0.46601472594926324
701,0.08715713,0.8376414937737071,0.30007143510753137,0.6274133810376326,-0.70205694,0.46601472594926324,0.3634497103459645
702,0.29654783,0.531720774506452,0.6394121069804528,0.30007143510753137,0.47543204,0.3634497103459645,0.6039709951165031
703,-0.038776785,0.9735066425056433,0.1727945042743759,0.6394121069804528,-1.09517,0.6039709951165031,0.015690529814968067
704,0.61489546,0.10083848636377678,0.5429928382796717,0.1727945042743759,0.12952197,0.015690529814968067,0.058069083166415424
705,0.46239924,0.35449852044351204,0.7507724249274736,0.5429928382796717,0.9340112,0.058069083166415424,0.18216025912622286
706,0.050047196,0.8946683380195058,0.05675807600133709,0.7507724249274736,-1.3766485,0.18216025912622286,0.3284979829531871
707,0.43677264,0.3684439282497876,0.1863595871270632,0.05675807600133709,-1.0133129,0.3284979829531871,0.6750165433223707
708,0.048942327,0.9097744120777788,0.39732469165149203,0.1863595871270632,-0.31679595,0.6750165433223707,0.10301605777809016
709,0.47224414,0.3209326023269747,0.7933528112709429,0.39732469165149203,1.0258241,0.10301605777809016,0.31042647928106504
710,0.084911145,0.852073614551507,0.1532042569269177,0.7933528112709429,-1.244022,0.31042647928106504,0.4244366620205426
711,0.3286608,0.4928027942697275,0.42223179942683514,0.1532042569269177,-0.23306072,0.4244366620205426,0.6297378040592966
712,-0.010967031,0.9772381503864448,0.47381830113375495,0.42223179942683514,-0.060819276,0.6297378040592966,0.050941389693801326
713,0.67797065,0.08696777553560017,0.9343124511853864,0.47381830113375495,1.5053915,0.050941389693801326,0.18259684266626788
714,0.47286016,0.3104522892787261,0.10111974671771619,0.9343124511853864,-1.3626709,0.18259684266626788,0.49626431267318305
715,0.09198495,0.8369694125208238,0.2582859477495107,0.10111974671771619,-0.78475153,0.49626431267318305,0.32871021007505663
716,0.29350427,0.5334934348881326,0.5923868676725569,0.2582859477495107,0.34649897,0.32871021007505663,0.5900977213097843
717,-0.07123543,0.9730546635948732,0.27024487551806464,0.5923868676725569,-0.7696538,0.5900977213097843,0.047844326317244015
718,0.6641885,0.10251118351616673,0.7448463451553675,0.27024487551806464,0.8302262,0.047844326317244015,0.17091028117361204
719,0.43715024,0.3597084932574108,0.43244085084756456,0.7448463451553675,-0.22882172,0.17091028117361204,0.4591312390220824
720,0.044808753,0.9004898718112915,0.5071266376212775,0.43244085084756456,0.045904152,0.4591312390220824,0.32521977182671524
721,0.45332253,0.3503454787990039,0.7753919061017258,0.5071266376212775,0.9737935,0.32521977182671524,0.6816906488290072
722,0.0648727,0.8898757698132953,0.12949505258065477,0.7753919061017258,-1.3048412,0.6816906488290072,0.10059937523416859
723,0.4248036,0.3831445622962106,0.3857926863171335,0.12949505258065477,-0.35540235,0.10059937523416859,0.29428256267078046
724,0.034167103,0.9240521096781237,0.5126301182711379,0.3857926863171335,0.04016959,0.29428256267078046,0.3877715416148653
725,0.49415737,0.27438639675177184,0.8187436642762799,0.5126301182711379,1.0606631,0.3877715416148653,0.7639003945569355
726,0.17866802,0.7784278970166161,0.16875175389599073,0.8187436642762799,-1.0982156,0.7639003945569355,0.2254316585162105
727,0.19318816,0.6743476842253,0.41849587476073496,0.16875175389599073,-0.2556442,0.2254316585162105,0.44617653342243935
728,0.07527837,0.8585951687785042,0.5345241945144856,0.41849587476073496,0.12773764,0.44617653342243935,0.36801846899428814
729,0.3312415,0.47468235389112334,0.6809205256551809,0.5345241945144856,0.5810227,0.36801846899428814,0.6378900973137299
730,-0.006770432,0.9749345829716044,0.07141580033425608,0.6809205256551809,-1.3893807,0.6378900973137299,0.0696843946501588
731,0.66901845,0.09554342590499214,0.25341348730472585,0.07141580033425608,-0.8165895,0.0696843946501588,0.2437224330911039
732,0.45124072,0.33786167333182787,0.6447240734508729,0.25341348730472585,0.5046265,0.2437224330911039,0.5935090287914371
733,0.07869226,0.8746575609454398,0.23611347237499003,0.6447240734508729,-0.8529537,0.5935090287914371,0.13176663005552042
734,0.3899094,0.42863397850412704,0.5914636594336063,0.23611347237499003,0.33016264,0.13176663005552042,0.3599550497683908
735,0.014940947,0.957527827502713,0.2828401203494826,0.5914636594336063,-0.70932806,0.3599550497683908,0.3627319689318164
736,0.588707,0.15900335185455639,0.7466135451437877,0.2828401203494826,0.81697786,0.3627319689318164,0.8158170171877424
737,0.36550075,0.5228184961223452,0.2842092335952923,0.7466135451437877,-0.50429904,0.8158170171877424,0.07978355572415557
738,0.0176064,0.9754049252319485,0.474223720712139,0.2842092335952923,-0.038453944,0.07978355572415557,0.16579872468776316
739,0.6734465,0.093795821279525,0.930523510672763,0.474223720712139,1.4993484,0.16579872468776316,0.5178619472407371
740,0.4528035,0.3323226558951589,0.11088101104412058,0.930523510672763,-1.3507023,0.5178619472407371,0.709000774149004
741,0.0843544,0.8675149923790606,0.27494460282108746,0.11088101104412058,-0.7140962,0.709000774149004,0.1556806148401974
742,0.36628813,0.44935970232593764,0.6398973236628193,0.27494460282108746,0.5177996,0.1556806148401974,0.40562635119564966
743,0.005373001,0.9674143243192002,0.17631289012436988,0.6398973236628193,-1.0799047,0.40562635119564966,0.329836556933356
744,0.6305194,0.12325077065228521,0.5469287090396348,0.17631289012436988,0.17012441,0.329836556933356,0.8028639448344609
745,0.33169648,0.4224890285494426,0.7037387416842683,0.5469287090396348,0.5313889,0.8028639448344609,0.08857684144864858
746,0.0269811,0.9539510136600794,0.027959448080537994,0.7037387416842683,-1.4513468,0.08857684144864858,0.18399858437034974
747,0.5880657,0.1717499216470823,0.10148238937826896,0.027959448080537994,-1.3028315,0.18399858437034974,0.5390854348679343
748,0.30005705,0.5561711182388678,0.2927754586722767,0.10148238937826896,-0.65068233,0.5390854348679343,0.5039589326114015
749,-0.0032438934,0.9651046133319076,0.48219530699230057,0.2927754586722767,-0.043595083,0.5039589326114015,0.21733619249908895
750,0.6020563,0.13167181005890438,0.909404646450243,0.48219530699230057,1.3443395,0.21733619249908895,0.6220127441131931
751,0.38881087,0.4470201555241973,0.1560213814204714,0.909404646450243,-1.2955861,0.6220127441131931,0.4857250996070063
752,0.0013841391,0.9664665033331103,0.340843599879747,0.1560213814204714,-0.5356864,0.4857250996070063,0.24315821187247652
753,0.6122719,0.1267115043280443,0.8347907949879597,0.340843599879747,1.1191659,0.24315821187247652,0.6731899401912916
754,0.3832513,0.4326375245755098,0.11658213157997456,0.8347907949879597,-1.1478741,0.6731899401912916,0.40580210876039563
755,0.010099687,0.9596993328870647,0.2737477701948671,0.11658213157997456,-0.74356186,0.40580210876039563,0.334609573557337
756,0.5975522,0.15121602836325368,0.7349484020273699,0.2737477701948671,0.7785169,0.334609573557337,0.7935460293288384
757,0.3616066,0.5018170305227969,0.33183171860899596,0.7349484020273699,-0.43787974,0.7935460293288384,0.01781798609735171
758,0.016726151,0.9774277667241431,0.49058081863505715,0.33183171860899596,0.013764493,0.01781798609735171,0.041299837867728034
759,0.66608965,0.08626002929479633,0.9353517679086256,0.49058081863505715,1.4808545,0.041299837867728034,0.14964416773056113
760,0.4571783,0.30816451152280655,0.10253407872916102,0.9353517679086256,-1.3608152,0.14964416773056113,0.4265748793595633
761,0.09123892,0.8335580663706682,0.2617404663659167,0.10253407872916102,-0.77428734,0.4265748793595633,0.4013813959658975
762,0.28254974,0.5424366313043207,0.5939757142584726,0.2617404663659167,0.34256005,0.4013813959658975,0.6005690069505487
763,-0.049418136,0.9703997099258973,0.2691139392091186,0.5939757142584726,-0.78009653,0.6005690069505487,0.026538529946567604
764,0.6324041,0.11230446523595007,0.7398117626436683,0.2691139392091186,0.7908423,0.026538529946567604,0.09661056564640487
765,0.4276352,0.3897727369127201,0.41789412271004006,0.7398117626436683,-0.22894004,0.09661056564640487,0.2831207449588632
766,0.030460618,0.9299368647402202,0.49948069434980336,0.41789412271004006,0.016731374,0.2831207449588632,0.38284048507529317
767,0.51180935,0.25473782197664174,0.8352487565424899,0.49948069434980336,1.1169065,0.38284048507529317,0.7733841676767663
768,0.19488037,0.7422546239453457,0.1907716809168222,0.8352487565424899,-1.1095183,0.7733841676767663,0.2131137667503511
769,0.15063785,0.7479872476096869,0.4399224143247806,0.1907716809168222,-0.18116891,0.2131137667503511,0.407477691597367
770,0.14686081,0.7369993593861539,0.5880012739856394,0.4399224143247806,0.2959597,0.407477691597367,0.4756230372080927
771,0.14217938,0.7578344012575523,0.4281094136780183,0.5880012739856394,-0.22715473,0.4756230372080927,0.4125533433389311
772,0.160925,0.7175252086859247,0.6020149577226996,0.4281094136780183,0.33611655,0.4125533433389311,0.4859372638439173
773,0.12002586,0.7924415873564817,0.3804023777723076,0.6020149577226996,-0.40552843,0.4859372638439173,0.3754771351238254
774,0.21787527,0.6430696288383411,0.6399899190298434,0.3804023777723076,0.49866807,0.3754771351238254,0.5406868669943872
775,0.05333993,0.8974120603535671,0.22910004660051847,0.6399899190298434,-0.9133386,0.5406868669943872,0.21271747639974836
776,0.4355291,0.3599470416235837,0.5988451312960216,0.22910004660051847,0.34663236,0.21271747639974836,0.536496038265758
777,0.051949397,0.9007513399839453,0.30915969523702475,0.5988451312960216,-0.62678486,0.536496038265758,0.2170740585055111
778,0.44290376,0.3495263871277531,0.7143291661383269,0.30915969523702475,0.7592573,0.2170740585055111,0.5473235303854195
779,0.06122558,0.8889146232503776,0.05350590437019866,0.7143291661383269,-1.3988186,0.5473235303854195,0.20838101119004784
780,0.41390812,0.3860711436544723,0.17525185463057227,0.05350590437019866,-1.049364,0.20838101119004784,0.5205647397274534
781,0.031520247,0.9266927986439258,0.3778110558698548,0.17525185463057227,-0.3969487,0.5205647397274534,0.22196465087333567
782,0.4995352,0.26560290883077814,0.8081869157365855,0.3778110558698548,1.0262197,0.22196465087333567,0.5846114944300526
783,0.13795674,0.7626305071659482,0.11783206510053273,0.8081869157365855,-1.1604196,0.5846114944300526,0.25289082327923185
784,0.16076782,0.707765640177774,0.3112177628933757,0.11783206510053273,-0.61214626,0.25289082327923185,0.4600458080392254
785,0.108197846,0.8086696641449845,0.547528495528865,0.3112177628933757,0.19079566,0.4600458080392254,0.3904620604296524
786,0.23778298,0.6049303646317022,0.5850524176748162,0.547528495528865,0.25125116,0.3904620604296524,0.5626796690826935
787,0.035648152,0.9343926965922181,0.31057524861822916,0.5850524176748162,-0.5919927,0.5626796690826935,0.14022150589856067
788,0.5331765,0.2396801247758797,0.7562220216269743,0.31057524861822916,0.9042599,0.14022150589856067,0.41995435934289027
789,0.1668473,0.7124899857412386,0.08954674659812012,0.7562220216269743,-1.2448165,0.41995435934289027,0.48578543057061374
790,0.114318885,0.8009070930314677,0.2366317158017347,0.08954674659812012,-0.860139,0.48578543057061374,0.36919980664786783
791,0.23366205,0.6234309040031117,0.5377518581735573,0.2366317158017347,0.16190326,0.36919980664786783,0.5521043098184479
792,0.043926924,0.9178747051680977,0.39626800660500866,0.5377518581735573,-0.29238844,0.5521043098184479,0.17477866426707583
793,0.47861898,0.2947207695642357,0.8051807542454515,0.39626800660500866,1.0338954,0.17477866426707583,0.4846850749186516
794,0.10616567,0.8126849857085845,0.1555243977986251,0.8051807542454515,-1.1966016,0.4846850749186516,0.36150216449202904
795,0.25467697,0.5951757462670793,0.4083696074420402,0.1555243977986251,-0.2626115,0.36150216449202904,0.5675212544181644
796,0.03145288,0.9420243920839454,0.4975941556324744,0.4083696074420402,0.023418657,0.5675212544181644,0.12386333141309912
797,0.5652088,0.2135294879360648,0.8600511006788123,0.4975941556324744,1.241439,0.12386333141309912,0.38398605285884635
798,0.20440651,0.6565846139971806,0.1933890174775087,0.8600511006788123,-1.1583267,0.38398605285884635,0.5319916731469411
799,0.06757957,0.8815782148325018,0.41340166240399134,0.1933890174775087,-0.2577361,0.5319916731469411,0.24064205316130036
800,0.37507463,0.4081716643450403,0.7565864580382252,0.41340166240399134,0.863746,0.24064205316130036,0.5623803400338276
801,0.028884418,0.9444718231825057,0.11911518330113781,0.7565864580382252,-1.3822433,0.5623803400338276,0.13191773373068552
802,0.568499,0.20504671662209792,0.38483853767844645,0.11911518330113781,-0.33489025,0.13191773373068552,0.4065445559453
803,0.21391276,0.637301331662563,0.6433476517389703,0.38483853767844645,0.48686266,0.4065445559453,0.5395838033011061
804,0.048883907,0.9037351749850666,0.21697228310216393,0.6433476517389703,-0.95288926,0.5395838033011061,0.2092664672654075
805,0.45519114,0.34014117762058216,0.5826033602728486,0.21697228310216393,0.30324113,0.2092664672654075,0.5371233847086426
806,0.07034193,0.8775273028487507,0.3540910241604946,0.5826033602728486,-0.4499062,0.5371233847086426,0.23556907454668344
807,0.36339316,0.420194456919991,0.7258125084928712,0.3540910241604946,0.7462808,0.23556907454668344,0.5507684841847933
808,0.020963445,0.9525396909355823,0.033124892378087106,0.7258125084928712,-1.4622988,0.5507684841847933,0.14729917995772351
809,0.5850583,0.17675188019809143,0.11936036102585623,0.033124892378087106,-1.2485026,0.14729917995772351,0.45160049898764243
810,0.2717716,0.5689121238404422,0.33414012012088995,0.11936036102585623,-0.5303024,0.45160049898764243,0.5680453043088952
811,0.020223483,0.9588736781263493,0.49828583800792914,0.33414012012088995,0.022160046,0.5680453043088952,0.10780092951102968
812,0.6051703,0.15418128693205843,0.8948691178866373,0.49828583800792914,1.3321012,0.10780092951102968,0.3510130978441188
813,0.30997336,0.5098698771234615,0.16876857593791772,0.8948691178866373,-1.2492105,0.3510130978441188,0.6124471796436128
814,-0.017523244,0.9770598077177144,0.3580934747309272,0.16876857593791772,-0.4671136,0.6124471796436128,0.007854347572791865
815,0.57178307,0.08763318604359563,0.8692359031736737,0.3580934747309272,1.0978739,0.007854347572791865,0.029472112534335224
816,0.53160423,0.31259964509347715,0.12676077112913847,0.8692359031736737,-1.1414368,0.029472112534335224,0.09769357966792885
817,0.079841435,0.8401341371774503,0.3104892443369174,0.12676077112913847,-0.610824,0.09769357966792885,0.21688207143033802
818,0.29194596,0.525115414355492,0.6512828703371574,0.3104892443369174,0.49742115,0.21688207143033802,0.48728153616574343
819,-0.008001342,0.9749744592913732,0.144387122301065,0.6512828703371574,-1.1793097,0.48728153616574343,0.23446245740289812
820,0.6563331,0.09539532848564261,0.4708276013766795,0.144387122301065,-0.060739167,0.23446245740289812,0.668623458702212
821,0.47332287,0.3373932060241414,0.7944935877530068,0.4708276013766795,1.063279,0.668623458702212,0.5148882381209787
822,0.06880968,0.8740627590794581,0.17766402217489777,0.7944935877530068,-1.2560458,0.5148882381209787,0.27349966296694106
823,0.3748116,0.43037515317712355,0.48562794799339604,0.17766402217489777,-0.01676739,0.27349966296694106,0.5944130788985122
824,-0.06875968,0.958487634088741,0.43433717186615073,0.48562794799339604,-0.24809581,0.5944130788985122,0.05171654458057671
825,0.6283368,0.15556589758628225,0.8888316222151116,0.43433717186615073,1.3616371,0.05171654458057671,0.17965466608316216
826,0.31815174,0.513606560112628,0.15039912024860871,0.8888316222151116,-1.239876,0.17965466608316216,0.4331040068902004
827,0.0006239489,0.9767168276802163,0.3300717768372412,0.15039912024860871,-0.5674318,0.4331040068902004,0.29920457324337585
828,0.6721842,0.08891217243030942,0.8371865084445319,0.3300717768372412,1.1529454,0.29920457324337585,0.780346903077988
829,0.27079824,0.31671735742442336,0.22380607631134086,0.8371865084445319,-1.1315681,0.780346903077988,0.2844198275779781
830,0.08794521,0.8461018658349616,0.46097304585071464,0.22380607631134086,-0.09260572,0.2844198275779781,0.4205417309411551
831,0.31481266,0.5091038794394249,0.7021444314329881,0.46097304585071464,0.6839802,0.4205417309411551,0.6196300706327651
832,-0.014586613,0.9771166316363584,0.013069310663992244,0.7021444314329881,-1.5188304,0.6196300706327651,0.02545102353652257
833,0.63976103,0.0874211985365145,0.049507771524906305,0.013069310663992244,-1.4476207,0.02545102353652257,0.09375329483190901
834,0.4931658,0.3119159129687709,0.16727972877490543,0.049507771524906305,-1.0848993,0.09375329483190901,0.2872446108400001
835,0.09332121,0.8391303807681157,0.38320953911684313,0.16727972877490543,-0.37310326,0.2872446108400001,0.42467768652522664
836,0.30149078,0.5277811535649326,0.6927316484908013,0.38320953911684313,0.7049904,0.42467768652522664,0.6063989289896623
837,-0.031302243,0.9744231496929311,0.04081196094792882,0.6927316484908013,-1.4730977,0.6063989289896623,0.009109820375125345
838,0.58544475,0.09744174525735529,0.1496513315732334,0.04081196094792882,-1.1663188,0.009109820375125345,0.033998095118228974
839,0.5002077,0.34385131979696293,0.440904454927199,0.1496513315732334,-0.14776409,0.033998095118228974,0.1104267127975651
840,0.05978331,0.8821112367362081,0.5119233624556817,0.440904454927199,0.079329245,0.1104267127975651,0.2323680057999254
841,0.37816948,0.4065801438080353,0.7389902437409385,0.5119233624556817,0.7959517,0.2323680057999254,0.5511616014096582
842,0.027071834,0.943319122304645,0.06406421227027935,0.7389902437409385,-1.4255341,0.5511616014096582,0.15452458200618405
843,0.55776685,0.2090478012228696,0.2205823874499472,0.06406421227027935,-0.92564476,0.15452458200618405,0.4615491255893665
844,0.22076368,0.6464668218145614,0.5092277241745155,0.2205823874499472,0.0595349,0.4615491255893665,0.5064219123992806
845,0.05669696,0.8935663739853468,0.4471650118483594,0.5092277241745155,-0.14855295,0.5064219123992806,0.2703225862569065
846,0.41660833,0.37183997277533504,0.7780651384758551,0.4471650118483594,0.9418473,0.2703225862569065,0.6156898194060804
847,-0.035915777,0.9132228518533368,0.1596310518419874,0.7780651384758551,-1.3578352,0.6156898194060804,0.04591382993259756
848,0.52719617,0.3098364748801012,0.4704482743835413,0.1596310518419874,-0.046700604,0.04591382993259756,0.1494335842514843
849,0.09843519,0.8360551862716585,0.5170524474500379,0.4704482743835413,0.11280971,0.1494335842514843,0.30238947914996395
850,0.29287854,0.5358990991889865,0.6568424147828494,0.5170524474500379,0.5367743,0.30238947914996395,0.5729102928670977
851,-0.019591942,0.9724019868033286,0.13321946252256045,0.6568424147828494,-1.2187157,0.5729102928670977,0.08564230267963763
852,0.6436065,0.10492381055145837,0.4387760072753349,0.13321946252256045,-0.1636604,0.08564230267963763,0.29291755354777205
853,0.43044806,0.367184599806158,0.7803985046615591,0.4387760072753349,0.98138666,0.29291755354777205,0.6433428344474278
854,0.041932955,0.908472732771002,0.16290483564537667,0.7803985046615591,-1.3139714,0.6433428344474278,0.016979668033572176
855,0.5373305,0.32509687250192854,0.47505284352421623,0.16290483564537667,-0.012492545,0.016979668033572176,0.05678271352594472
856,0.09328152,0.8578367177676672,0.5012480740643986,0.47505284352421623,0.08115315,0.05678271352594472,0.13359015989168613
857,0.35405752,0.47680683483805264,0.7030392760806501,0.5012480740643986,0.7520157,0.13359015989168613,0.35388926962794504
858,0.0048176497,0.9753375242660535,0.012084923210912615,0.7030392760806501,-1.5120751,0.35388926962794504,0.3551513436723429
859,0.64568436,0.09404636262447093,0.045731017783430944,0.012084923210912615,-1.4565035,0.3551513436723429,0.8455008617168904
860,0.43056816,0.33311821093589794,0.15405268122439644,0.045731017783430944,-1.1297137,0.8455008617168904,0.0704462970312052
861,0.07120092,0.8685556156202908,0.35558101126016267,0.15405268122439644,-0.47005355,0.0704462970312052,0.1607779662654145
862,0.36985022,0.4463649328594208,0.7157697579618425,0.35558101126016267,0.7607378,0.1607779662654145,0.41644954760897324
863,0.0064960867,0.9661933809696119,0.015883302510064673,0.7157697579618425,-1.4992892,0.41644954760897324,0.3217636917108769
864,0.6295671,0.1277074392440398,0.05923428031727437,0.015883302510064673,-1.420374,0.3217636917108769,0.7911485997183114
865,0.2934546,0.4355407196775223,0.18921021331095808,0.05923428031727437,-0.9990138,0.7911485997183114,0.10742910522571575
866,0.02097623,0.9611956157893277,0.38976653459561433,0.18921021331095808,-0.3317479,0.10742910522571575,0.21399920648497497
867,0.58827496,0.14582869061948125,0.8706103027691874,0.38976653459561433,1.1993471,0.21399920648497497,0.6105110363435077
868,0.35693663,0.48701053429472213,0.05737480157376069,0.8706103027691874,-1.215125,0.6105110363435077,0.465985868127649
869,-0.0065008104,0.9767809957174688,0.14695760895116186,0.05737480157376069,-1.1897708,0.465985868127649,0.2618011100597447
870,0.6645204,0.08867295718138325,0.47888873328282927,0.14695760895116186,-0.03369034,0.2618011100597447,0.7212853147917848
871,0.4659618,0.3159481734735418,0.8050228681325791,0.47888873328282927,1.0367225,0.7212853147917848,0.4307797360023908
872,0.08424743,0.8449971710704134,0.18576268092219206,0.8050228681325791,-1.2170169,0.4307797360023908,0.3905085771132132
873,0.30425104,0.5120888014100199,0.4838770323278084,0.18576268092219206,-0.0404867,0.3905085771132132,0.6195320091172047
874,-0.014456376,0.9768693059176987,0.4255904667986507,0.4838770323278084,-0.24223113,0.6195320091172047,0.024968520762519843
875,0.63856363,0.08834368850409374,0.9194523650951029,0.4255904667986507,1.3614889,0.024968520762519843,0.09198702273216863
876,0.4930532,0.31488869565312944,0.05046234168113958,0.9194523650951029,-1.339711,0.09198702273216863,0.2820411914609433
877,0.089197524,0.8434679840992552,0.138585490283873,0.05046234168113958,-1.1860527,0.2820411914609433,0.4208198595020961
878,0.30941927,0.5162049680897614,0.38609436902852373,0.138585490283873,-0.357911,0.4208198595020961,0.6148947161190629
879,-0.016039357,0.9764139676373855,0.48865724061095234,0.38609436902852373,-0.044793613,0.6148947161190629,0.01316330096826312
880,0.60870117,0.09004078499323466,0.9332051507333579,0.48865724061095234,1.3517753,0.01316330096826312,0.04906938203527593
881,0.5136214,0.32034031559991555,0.10784079399047164,0.9332051507333579,-1.3704834,0.04906938203527593,0.15828846134241176
882,0.08443354,0.8512429100489497,0.27077449783211555,0.10784079399047164,-0.73755157,0.15828846134241176,0.3110427397741698
883,0.32414347,0.49508706610458814,0.6199976904467038,0.27077449783211555,0.4382125,0.3110427397741698,0.5986599988992981
884,-0.051283255,0.9773463055689471,0.21219386796855233,0.6199976904467038,-0.95756114,0.5986599988992981,0.02441308285703683
885,0.638154,0.0865641189039972,0.637420137969157,0.21219386796855233,0.4425584,0.02441308285703683,0.09006201644843329
886,0.49952835,0.30914795595733285,0.6781968593300496,0.637420137969157,0.6557194,0.09006201644843329,0.2776294460118191
887,0.09363723,0.8350295130855675,0.19065203766712788,0.6781968593300496,-1.0296872,0.2776294460118191,0.42271330048446915
888,0.2926153,0.5385902419572655,0.4869606037072537,0.19065203766712788,-0.026345618,0.42271330048446915,0.5996840619312226
889,-0.051223204,0.9716182300963718,0.4254066048216472,0.4869606037072537,-0.25255942,0.5996840619312226,0.02743407145608084
890,0.63533014,0.1078165742881058,0.9095644432156542,0.4254066048216472,1.3563355,0.02743407145608084,0.0999674445022745
891,0.43192536,0.3760885216096591,0.08030413476578453,0.9095644432156542,-1.3063449,0.0999674445022745,0.29378783470369846
892,0.038915165,0.9174099656968331,0.2040673379945266,0.08030413476578453,-0.9791688,0.29378783470369846,0.39074967620163836
893,0.47518384,0.29623849939421776,0.5689333600150718,0.2040673379945266,0.25587308,0.39074967620163836,0.7518143067254941
894,0.15318,0.8151122184680631,0.4184542314936229,0.5689333600150718,-0.08686168,0.7518143067254941,0.2294921228989643
895,0.2501123,0.5892180109994604,0.6678798644091312,0.4184542314936229,0.5553814,0.2294921228989643,0.48119738944045726
896,0.023081705,0.94631953693035,0.12699745026227466,0.6678798644091312,-1.2165961,0.48119738944045726,0.26463677840844324
897,0.56561935,0.19861153089905012,0.40732429174948986,0.12699745026227466,-0.2728275,0.26463677840844324,0.6805302690369324
898,0.11451647,0.6222973438823015,0.6520529401679528,0.40732429174948986,0.23011148,0.6805302690369324,0.18823338066208029
899,0.035909593,0.9189637607415627,0.18578015964788008,0.6520529401679528,-1.0597587,0.18823338066208029,0.3277962836250659
900,0.4930864,0.2911575541721306,0.5324619311274731,0.18578015964788008,0.12969816,0.3277962836250659,0.7142060394817495
901,0.13214375,0.8069157213699565,0.4733642677450214,0.5324619311274731,-0.015418239,0.7142060394817495,0.10352556495665768
902,0.27593935,0.609151741438182,0.6418687504155463,0.4733642677450214,0.5806084,0.10352556495665768,0.26496236285845837
903,0.02742359,0.9308593610069271,0.19962180153478387,0.6418687504155463,-1.017115,0.26496236285845837,0.37676601700809853
904,0.516367,0.25163315251034124,0.5705713766281943,0.19962180153478387,0.2570964,0.37676601700809853,0.7719201927652638
905,0.18868236,0.7362626977133622,0.46919214904108,0.5705713766281943,0.011375777,0.7719201927652638,0.20102637233991108
906,0.15192437,0.7591974775399021,0.560652777595123,0.46919214904108,0.28023386,0.20102637233991108,0.3903587818224643
907,0.15919954,0.714769788208848,0.49721684097212715,0.560652777595123,-0.035267837,0.3903587818224643,0.4954486227403261
908,0.11908879,0.7970987187389922,0.516904592802672,0.49721684097212715,0.0791245,0.4954486227403261,0.36073279607300035
909,0.23025182,0.6323351147155344,0.5979899147745816,0.516904592802672,0.34272736,0.36073279607300035,0.5463801405359748
910,0.047936246,0.9089706330041736,0.3049206200416838,0.5979899147745816,-0.6346938,0.5463801405359748,0.1928577951073194
911,0.46732777,0.3235055785860751,0.7190168165528666,0.3049206200416838,0.7881855,0.1928577951073194,0.512445391554749
912,0.080093764,0.8556504692437071,0.06885928576139462,0.7190168165528666,-1.3619348,0.512445391554749,0.29190653850206266
913,0.33750498,0.4829055184944465,0.21348366395233276,0.06885928576139462,-0.89425194,0.29190653850206266,0.5893053294137953
914,-0.07347867,0.9762981592652908,0.4155223652916802,0.21348366395233276,-0.2698058,0.5893053294137953,0.04661331222434101
915,0.6709499,0.09047215708984972,0.9131506648258564,0.4155223652916802,1.3921101,0.04661331222434101,0.167617852925616
916,0.46365726,0.32172243176849064,0.03480830077968708,0.9131506648258564,-1.3207659,0.167617852925616,0.46243522179485846
917,0.07695579,0.8531771121334624,0.09734331106238933,0.03480830077968708,-1.3275622,0.46243522179485846,0.35588122425107394
918,0.32191056,0.4897600508822194,0.2900700991053356,0.09734331106238933,-0.66889656,0.35588122425107394,0.625372124136155
919,-0.012354121,0.9770307109372203,0.4767417403776505,0.2900700991053356,-0.05131305,0.625372124136155,0.03968100325892669
920,0.6625282,0.08774172481889701,0.934145144279412,0.4767417403776505,1.4874805,0.03968100325892669,0.14393818831714597
921,0.45751858,0.31294958370157433,0.1032449236354201,0.934145144279412,-1.3586357,0.14393818831714597,0.41244930748176933
922,0.08442463,0.8406464520793542,0.26239996644658714,0.1032449236354201,-0.77309096,0.41244930748176933,0.40634669133250767
923,0.29849643,0.5237517906197576,0.6005896823667978,0.26239996644658714,0.37123287,0.40634669133250767,0.6119948809171367
924,-0.016487733,0.9752349921177473,0.25301249150424904,0.6005896823667978,-0.8235664,0.6119948809171367,0.00501196592473079
925,0.48950744,0.09442742468338489,0.7169616903053342,0.25301249150424904,0.5516423,0.00501196592473079,0.018809005569800804
926,0.5314331,0.33432727318448197,0.5166076383109729,0.7169616903053342,0.31055441,0.018809005569800804,0.062493144908014914
927,0.09869604,0.8701276495302511,0.45293600869923506,0.5166076383109729,-0.053246267,0.062493144908014914,0.14442118887794053
928,0.37884128,0.4418247790161987,0.7403032911535273,0.45293600869923506,0.84573036,0.14442118887794053,0.3843716317044445
929,0.008546263,0.9642086450256965,0.08630411570393494,0.7403032911535273,-1.4393669,0.3843716317044445,0.3465153052566066
930,0.6064592,0.1349272162089972,0.29715633645096284,0.08630411570393494,-0.6748034,0.3465153052566066,0.814458397418374
931,0.4119926,0.45635478450589434,0.6631079082838965,0.29715633645096284,0.6730089,0.814458397418374,0.009578387379211465
932,0.16344978,0.9699929493218772,0.11999772854277638,0.6631079082838965,-0.6687679,0.009578387379211465,0.022622587049660994
933,0.6260307,0.1138000068881341,0.400224459737574,0.11999772854277638,-0.30966365,0.022622587049660994,0.08264927044985926
934,0.44207406,0.3942978688801067,0.7598334375521753,0.400224459737574,0.9828342,0.08264927044985926,0.246144043172041
935,0.016477719,0.9337571290803239,0.119723965338768,0.7598334375521753,-1.3859054,0.246144043172041,0.3670486148582059
936,0.52634484,0.24183740603620574,0.381307603488314,0.119723965338768,-0.3626355,0.3670486148582059,0.7716333574383832
937,0.20317692,0.7168631042511314,0.6068670812559723,0.381307603488314,0.46177387,0.7716333574383832,0.17660864415870808
938,0.121683195,0.7935660758818674,0.3710504646045946,0.6068670812559723,-0.43301737,0.17660864415870808,0.35033188140091065
939,0.2273274,0.6404932559367493,0.6390695243703837,0.3710504646045946,0.52628314,0.35033188140091065,0.540430039311171
940,0.051417097,0.9002683911843933,0.2289305693362581,0.6390695243703837,-0.91374743,0.540430039311171,0.2107398178134732
941,0.44466496,0.3510388847619501,0.6009674879528971,0.2289305693362581,0.35743868,0.2107398178134732,0.5360861744842792
942,0.063003175,0.8906853325617569,0.3123820034930151,0.6009674879528971,-0.6033473,0.5360861744842792,0.22623216345708735
943,0.40619397,0.38067393167041513,0.7062957984857252,0.3123820034930151,0.70756507,0.22623216345708735,0.55124106327527
944,0.04113725,0.9217706956516863,0.0478259449517957,0.7062957984857252,-1.4170314,0.55124106327527,0.17300305155872966
945,0.48414105,0.2819309564088827,0.16361059822117963,0.0478259449517957,-1.1033133,0.17300305155872966,0.48443536545236576
946,0.12023306,0.7915153983573572,0.3863864749252836,0.16361059822117963,-0.3638054,0.48443536545236576,0.37787275308167806
947,0.21536453,0.6451842417302531,0.6399740817225842,0.3863864749252836,0.48978078,0.37787275308167806,0.5393344250619369
948,0.056777477,0.8950288826763848,0.2309384849993054,0.6399740817225842,-0.90059924,0.5393344250619369,0.21706080240685716
949,0.4261182,0.3673307362602006,0.5999594731607542,0.2309384849993054,0.3449272,0.21706080240685716,0.54124079939752
950,0.046373837,0.9086244197852021,0.30151131206350884,0.5999594731607542,-0.65409297,0.54124079939752,0.2022430958168246
951,0.4665439,0.3246122846764454,0.7146360185518994,0.30151131206350884,0.77801013,0.2022430958168246,0.5295905632169527
952,0.0805482,0.857173048538185,0.07949700272482252,0.7146360185518994,-1.3299488,0.5295905632169527,0.26481018449804145
953,0.33637887,0.4786621344569059,0.24352820087106464,0.07949700272482252,-0.79774845,0.26481018449804145,0.5644964934587776
954,0.005144,0.9756605426215613,0.4453344228830886,0.24352820087106464,-0.17545033,0.5644964934587776,0.10012080141697041
955,0.6457691,0.0928453232785971,0.9250662938958754,0.4453344228830886,1.407067,0.10012080141697041,0.3386507820620959
956,0.46711743,0.32930003412263853,0.08701757343030844,0.9250662938958754,-1.3439438,0.3386507820620959,0.7031877568665662
957,0.0872341,0.86351613938381,0.22437143968553255,0.08701757343030844,-0.8967804,0.7031877568665662,0.13396863843136633
958,0.36694962,0.4607890570131658,0.5639038044186867,0.22437143968553255,0.24045789,0.13396863843136633,0.35805830994641236
959,0.0070497543,0.9714294226682713,0.32166703482820735,0.5639038044186867,-0.5568499,0.35805830994641236,0.35567726570424857
960,0.6285862,0.10851272474734465,0.8190709474723036,0.32166703482820735,1.062918,0.35567726570424857,0.8379504839066577
961,0.4309364,0.3782215032792484,0.21787909116560775,0.8190709474723036,-0.94258666,0.8379504839066577,0.035352069429612935
962,-0.056964904,0.9194588854937115,0.4349507229613808,0.21787909116560775,-0.2572664,0.035352069429612935,0.08272519388755059
963,0.51960534,0.28953451860347307,0.8201069944356641,0.4349507229613808,1.189428,0.08272519388755059,0.25993662764133263
964,0.10536189,0.804254925795124,0.19849652822256159,0.8201069944356641,-1.1620204,0.25993662764133263,0.42635011378974425
965,0.23328432,0.6155097981421301,0.48279616042961965,0.19849652822256159,-0.048188336,0.42635011378974425,0.547335128182203
966,0.037699446,0.9252746137090044,0.45616342193840814,0.48279616042961965,-0.119861014,0.547335128182203,0.1771512151857178
967,0.49169302,0.27032686925017096,0.8323137265154422,0.45616342193840814,1.1188493,0.1771512151857178,0.4963935976167388
968,0.13698336,0.7712016819451397,0.20896892805909636,0.8323137265154422,-1.1042243,0.4963935976167388,0.37974145025138895
969,0.18338045,0.689876251183791,0.4812560723462465,0.20896892805909636,-0.04525865,0.37974145025138895,0.5126045700225137
970,0.09363158,0.8364820366570405,0.5081789076574057,0.4812560723462465,0.06147819,0.5126045700225137,0.3070863797408056
971,0.2934062,0.534776712769518,0.6640250524127156,0.5081789076574057,0.57030684,0.3070863797408056,0.5766947826980445
972,-0.034143314,0.9727121309641038,0.1156264905746996,0.6640250524127156,-1.269626,0.5766947826980445,0.07737095404712309
973,0.64036655,0.10377777455566273,0.3890089470968968,0.1156264905746996,-0.35239947,0.07737095404712309,0.2672755840497674
974,0.4207813,0.36363900621697165,0.7698518766167186,0.3890089470968968,0.92227185,0.2672755840497674,0.6153802005885601
975,-0.040845275,0.9047412939683597,0.12529030529481497,0.7698518766167186,-1.3772682,0.6153802005885601,0.05482288260011121
976,0.48660105,0.33696088467057245,0.382187877084932,0.12529030529481497,-0.348925,0.05482288260011121,0.174182578245134
977,0.065338194,0.873512328297361,0.5361212836961068,0.382187877084932,0.11915945,0.174182578245134,0.3253382656102694
978,0.37395006,0.43198397494074614,0.7066574939762188,0.5361212836961068,0.700735,0.3253382656102694,0.6401357328427113
979,0.004884109,0.9593534104955603,0.015426729995672218,0.7066574939762188,-1.5163445,0.6401357328427113,0.05992401281901883
980,0.6278083,0.15245902372944464,0.05710765920455442,0.015426729995672218,-1.4257327,0.05992401281901883,0.2065297864417465
981,0.3066317,0.5052010422864428,0.1781902968239925,0.05710765920455442,-1.020286,0.2065297864417465,0.4788547684804668
982,-0.008550167,0.977334912827726,0.37140670628766415,0.1781902968239925,-0.4153105,0.4788547684804668,0.24445542097727507
983,0.6715179,0.08660664318806048,0.8825065990383986,0.37140670628766415,1.2943536,0.24445542097727507,0.6909126574945337
984,0.49027598,0.30928542447043006,0.08597704681236401,0.8825065990383986,-1.2697743,0.6909126574945337,0.502131336651783
985,0.09386447,0.8352345934161528,0.22491755629850332,0.08597704681236401,-0.90064275,0.502131336651783,0.32241242139806137
986,0.28953868,0.5380528138563826,0.5442354049007602,0.22491755629850332,0.15868676,0.32241242139806137,0.584447324579737
987,-0.059983447,0.971779273737839,0.3524296044036293,0.5442354049007602,-0.4531821,0.584447324579737,0.06150222232671542
988,0.66619575,0.10722257119831018,0.8551915095709373,0.3524296044036293,1.2376631,0.06150222232671542,0.21595160178644962
989,0.42031002,0.3742655197887344,0.10968893803472975,0.8551915095709373,-1.2015928,0.21595160178644962,0.5370655807731076
990,0.04035894,0.9156306129977727,0.26626116373714154,0.10968893803472975,-0.75106823,0.5370655807731076,0.20357339581996645
991,0.47956288,0.30203383509031545,0.6752065636528627,0.26626116373714154,0.61389935,0.20357339581996645,0.5392204532485957
992,0.10094666,0.8242147195197653,0.2064105547310291,0.6752065636528627,-0.9821376,0.5392204532485957,0.27713752591541646
993,0.2728266,0.5664652481257237,0.5075790473321594,0.2064105547310291,0.03862845,0.27713752591541646,0.539220295416161
994,0.012766734,0.9601687932914086,0.40902744415466835,0.5075790473321594,-0.28140664,0.539220295416161,0.16217275294087338
995,0.61709917,0.14952762993872692,0.8807789349375984,0.40902744415466835,1.2906257,0.16217275294087338,0.4946680032074406
996,0.33231223,0.49720107355863646,0.10397738389144408,0.8807789349375984,-1.2282146,0.4946680032074406,0.5943235778704568
997,-0.062867686,0.977410046157499,0.24713985745659342,0.10397738389144408,-0.82503355,0.5943235778704568,0.03428103182629937
998,0.65396214,0.08632618352398123,0.7084115314884776,0.24713985745659342,0.6980815,0.03428103182629937,0.12515228406194515
